national_substance_name,national_substance_id,cas_number,prtr_system,generic_substance_name,generic_substance_id
"1,1,1-Trichloroethane",71556,71-55-6,TRI,"Ethane, 1,1,1-trichloro-",71556
"1,1,2,2-Tetrachloroethane",79345,79-34-5,TRI,"Ethane, 1,1,2,2-tetrachloro-",79345
"1,1,2-Trichloroethane",79005,79-00-5,TRI,"Ethane, 1,1,2-trichloro-",79005
"1,2,4-Trichlorobenzene",120821,120-82-1,TRI,"Benzene, 1,2,4-trichloro-",120821
"1,2,4-Trimethylbenzene",95636,95-63-6,TRI,"Benzene, 1,2,4-trimethyl-",95636
"1,2-Butylene oxide",106887,106-88-7,TRI,"Oxirane, 2-ethyl-",106887
"1,2-Dibromoethane",106934,106-93-4,TRI,"Ethane, 1,2-dibromo-",106934
"1,2-Dichlorobenzene",95501,95-50-1,TRI,"Benzene, 1,2-dichloro-",95501
"1,2-Dichloroethane",107062,107-06-2,TRI,"Ethane, 1,2-dichloro-",107062
"1,2-Dichloroethylene",540590,540-59-0,TRI,"Ethene, 1,2-dichloro-",540590
"1,2-Dichloropropane",78875,78-87-5,TRI,"Propane, 1,2-dichloro-",78875
"1,3-Butadiene",106990,106-99-0,TRI,"1,3-Butadiene",106990
"1,3-Dichlorobenzene",541731,541-73-1,TRI,"Benzene, 1,3-dichloro-",541731
"1,4-Dichlorobenzene",106467,106-46-7,TRI,"Benzene, 1,4-dichloro-",106467
"1,4-Dioxane",123911,123-91-1,TRI,"1,4-Dioxane",123911
"2,4-D",94757,94-75-7,TRI,"Acetic acid, 2-(2,4-dichlorophenoxy)-",94757
"2,4-Diaminoanisole",615054,615-05-4,TRI,"1,3-Benzenediamine, 4-methoxy-",615054
"2,4-Diaminoanisole sulfate",39156417,39156-41-7,TRI,"1,3-Benzenediamine, 4-methoxy-, sulfate (1:1)",39156417
"2,4-Dichlorophenol",120832,120-83-2,TRI,"Phenol, 2,4-dichloro-",120832
"2,4-Dimethylphenol",105679,105-67-9,TRI,"Phenol, 2,4-dimethyl-",105679
"2,4-Dinitrophenol",51285,51-28-5,TRI,"Phenol, 2,4-dinitro-",51285
"2,4-Dinitrotoluene",121142,121-14-2,TRI,"Benzene, 1-methyl-2,4-dinitro-",121142
"2,6-Dinitrotoluene",606202,606-20-2,TRI,"Benzene, 2-methyl-1,3-dinitro-",606202
2-Ethoxyethanol,110805,110-80-5,TRI,"Ethanol, 2-ethoxy-",110805
2-Methoxyethanol,109864,109-86-4,TRI,"Ethanol, 2-methoxy-",109864
2-Nitrophenol,88755,88-75-5,TRI,"Phenol, 2-nitro-",88755
2-Nitropropane,79469,79-46-9,TRI,"Propane, 2-nitro-",79469
2-Phenylphenol,90437,90-43-7,TRI,"[1,1'-Biphenyl]-2-ol",90437
"3,3'-Dichlorobenzidine",91941,91-94-1,TRI,"[1,1'-Biphenyl]-4,4'-diamine, 3,3'-dichloro-",91941
"4,4'-Diaminodiphenyl ether",101804,101-80-4,TRI,"Benzenamine, 4,4'-oxybis-",101804
"4,4'-Isopropylidenediphenol",80057,80-05-7,TRI,"Phenol, 4,4'-(1-methylethylidene)bis-",80057
"4,4'-Methylenebis(2-chloroaniline)",101144,101-14-4,TRI,"Benzenamine, 4,4'-methylenebis[2-chloro-",101144
"4,4'-Methylenedi(phenyl isocyanate)",101688,101-68-8,TRI,"Benzene, 1,1'-methylenebis[4-isocyanato-",101688
"4,4'-Methylenedianiline",101779,101-77-9,TRI,"Benzenamine, 4,4'-methylenebis-",101779
"4,6-Dinitro-o-cresol",534521,534-52-1,TRI,"Phenol, 2-methyl-4,6-dinitro-",534521
4-Nitrophenol,100027,100-02-7,TRI,"Phenol, 4-nitro-",100027
5-Nitro-o-anisidine,99592,99-59-2,TRI,"Benzenamine, 2-methoxy-5-nitro-",99592
Acetaldehyde,75070,75-07-0,TRI,Acetaldehyde,75070
Acetamide,60355,60-35-5,TRI,Acetamide,60355
Acetone,67641,67-64-1,TRI,2-Propanone,67641
Acetonitrile,75058,75-05-8,TRI,Acetonitrile,75058
Acrolein,107028,107-02-8,TRI,2-Propenal,107028
Acrylamide,79061,79-06-1,TRI,2-Propenamide,79061
Acrylic acid,79107,79-10-7,TRI,2-Propenoic acid,79107
Acrylonitrile,107131,107-13-1,TRI,2-Propenenitrile,107131
Allyl chloride,107051,107-05-1,TRI,"1-Propene, 3-chloro-",107051
Aluminum (fume or dust),7429905,7429-90-5,TRI,Aluminum,7429905
Aluminum oxide (fibrous forms),1344281,1344-28-1,TRI,Aluminum oxide (Al2O3),1344281
Ammonia,7664417,7664-41-7,TRI,Ammonia,7664417
Ammonium nitrate (solution),6484522,6484-52-2,TRI,Nitric acid ammonium salt (1:1),6484522
Ammonium sulfate (solution),7783202,7783-20-2,TRI,Sulfuric acid ammonium salt (1:2),7783202
Aniline,62533,62-53-3,TRI,Benzenamine,62533
Anthracene,120127,120-12-7,TRI,Anthracene,120127
Antimony,7440360,7440-36-0,TRI,Antimony,7440360
Antimony compounds,N010,,TRI,Antimony & compounds,NA-01
Arsenic,7440382,7440-38-2,TRI,Arsenic,7440382
Arsenic compounds,N020,,TRI,Arsenic & compounds,NA-02
Asbestos (friable),1332214,1332-21-4,TRI,Asbestos,1332214
Barium,7440393,7440-39-3,TRI,Barium,7440393
Barium compounds (except for barium sulfate (CAS No. 7727-43-7)),N040,,TRI,Barium & compounds,NA-03
Benzal chloride,98873,98-87-3,TRI,"Benzene, (dichloromethyl)-",98873
Benzene,71432,71-43-2,TRI,Benzene,71432
Benzoic trichloride,98077,98-07-7,TRI,"Benzene, (trichloromethyl)-",98077
Benzoyl chloride,98884,98-88-4,TRI,Benzoyl chloride,98884
Benzoyl peroxide,94360,94-36-0,TRI,"Peroxide, dibenzoyl",94360
Benzyl chloride,100447,100-44-7,TRI,"Benzene, (chloromethyl)-",100447
Beryllium,7440417,7440-41-7,TRI,Beryllium,7440417
Beryllium compounds,N050,,TRI,Beryllium & compounds,NA-04
Biphenyl,92524,92-52-4,TRI,"1,1'-Biphenyl",92524
Bis(2-chloroethyl) ether,111444,111-44-4,TRI,"Ethane, 1,1'-oxybis[2-chloro-",111444
Bis(2-ethylhexyl) adipate,103231,103-23-1,TRI,"Hexanedioic acid, 1,6-bis(2-ethylhexyl) ester",103231
Bis(chloromethyl) ether,542881,542-88-1,TRI,"Methane, 1,1'-oxybis[1-chloro-",542881
Bromomethane,74839,74-83-9,TRI,"Methane, bromo-",74839
Butyl acrylate,141322,141-32-2,TRI,"2-Propenoic acid, butyl ester",141322
Butyl benzyl phthalate,85687,85-68-7,TRI,"1,2-Benzenedicarboxylic acid, 1-butyl 2-(phenylmethyl) ester",85687
Butyraldehyde,123728,123-72-8,TRI,Butanal,123728
"C.I. Acid Blue 9, Diammonium Salt",2650182,2650-18-2,TRI,"Benzenemethanaminium, N-ethyl-N-[4-[[4-[ethyl[(3-sulfophenyl)methyl]amino]phenyl](2-sulfophenyl)methylene]-2,5-cyclohexadien-1-ylidene]-3-sulfo-, inner salt, ammonium salt (1:2)",2650182
"C.I. Acid Blue 9, Disodium Salt",3844459,3844-45-9,TRI,"Benzenemethanaminium, N-ethyl-N-[4-[[4-[ethyl[(3-sulfophenyl)methyl]amino]phenyl](2-sulfophenyl)methylene]-2,5-cyclohexadien-1-ylidene]-3-sulfo-, inner salt, sodium salt (1:2)",3844459
C.I. Basic Green 4,569642,569-64-2,TRI,"Methanaminium, N-[4-[[4-(dimethylamino)phenyl]phenylmethylene]-2,5-cyclohexadien-1-ylidene]-N-methyl-, chloride (1:1)",569642
C.I. Solvent Yellow 14,842079,842-07-9,TRI,"2-Naphthalenol, 1-(2-phenyldiazenyl)-",842079
Cadmium,7440439,7440-43-9,TRI,Cadmium,7440439
Cadmium compounds,N078,,TRI,Cadmium & compounds,NA-06
Captan,133062,133-06-2,TRI,"1H-Isoindole-1,3(2H)-dione, 3a,4,7,7a-tetrahydro-2-[(trichloromethyl)thio]-",133062
Carbaryl,63252,63-25-2,TRI,"1-Naphthalenol, 1-(N-methylcarbamate)",63252
Carbon disulfide,75150,75-15-0,TRI,Carbon disulfide,75150
Carbon tetrachloride,56235,56-23-5,TRI,"Methane, tetrachloro-",56235
Carbonyl sulfide,463581,463-58-1,TRI,Carbon oxide sulfide (COS),463581
Catechol,120809,120-80-9,TRI,"1,2-Benzenediol",120809
Certain glycol ethers,N230,,TRI,Certain glycol ethers,NA-07
Chloramben,133904,133-90-4,TRI,"Benzoic acid, 3-amino-2,5-dichloro-",133904
Chlordane,57749,57-74-9,TRI,"4,7-Methano-1H-indene, 1,2,4,5,6,7,8,8-octachloro-2,3,3a,4,7,7a-hexahydro-",57749
Chlorine,7782505,7782-50-5,TRI,Chlorine,7782505
Chlorine dioxide,10049044,10049-04-4,TRI,Chlorine oxide (ClO2),10049044
Chloroacetic acid,79118,79-11-8,TRI,"Acetic acid, 2-chloro-",79118
Chlorobenzene,108907,108-90-7,TRI,"Benzene, chloro-",108907
Chloroethane,75003,75-00-3,TRI,"Ethane, chloro-",75003
Chloroform,67663,67-66-3,TRI,"Methane, trichloro-",67663
Chloromethane,74873,74-87-3,TRI,"Methane, chloro-",74873
Chlorophenols,N084,,TRI,Chlorophenols,NA-30
Chloroprene,126998,126-99-8,TRI,"1,3-Butadiene, 2-chloro-",126998
Chlorothalonil,1897456,1897-45-6,TRI,"1,3-Benzenedicarbonitrile, 2,4,5,6-tetrachloro-",1897456
Chromium,7440473,7440-47-3,TRI,Chromium,7440473
Chromium compounds (except for chromite ore mined in the Transvaal Region),N090,,TRI,Chromium & compounds,NA-08
Cobalt,7440484,7440-48-4,TRI,Cobalt,7440484
Cobalt compounds,N096,,TRI,Cobalt & compounds,NA-09
Copper,7440508,7440-50-8,TRI,Copper,7440508
Copper compounds,N100,,TRI,Copper & compounds,NA-10
Cresol (mixed isomers),1319773,1319-77-3,TRI,"Phenol, methyl-",1319773
Cumene,98828,98-82-8,TRI,"Benzene, (1-methylethyl)-",98828
Cumene hydroperoxide,80159,80-15-9,TRI,"Hydroperoxide, 1-methyl-1-phenylethyl",80159
Cupferron,135206,135-20-6,TRI,"Benzenamine, N-hydroxy-N-nitroso-, ammonium salt (1:1)",135206
Cyanide compounds,N106,,TRI,Cyanide & compounds,NA-11
Cyclohexane,110827,110-82-7,TRI,Cyclohexane,110827
Decabromodiphenyl oxide,1163195,1163-19-5,TRI,"Benzene, 1,1'-oxybis[2,3,4,5,6-pentabromo-",1163195
Di(2-ethylhexyl) phthalate,117817,117-81-7,TRI,"1,2-Benzenedicarboxylic acid, 1,2-bis(2-ethylhexyl) ester",117817
Diaminotoluene (mixed isomers),25376458,25376-45-8,TRI,"Benzenediamine, ar-methyl-",25376458
Dibenzofuran,132649,132-64-9,TRI,Dibenzofuran,132649
Dibutyl phthalate,84742,84-74-2,TRI,"1,2-Benzenedicarboxylic acid, 1,2-dibutyl ester",84742
Dichlorobenzene (mixed isomers),25321226,25321-22-6,TRI,"Benzene, dichloro-",25321226
Dichlorobromomethane,75274,75-27-4,TRI,"Methane, bromodichloro-",75274
Dichloromethane,75092,75-09-2,TRI,"Methane, dichloro-",75092
Dichlorvos,62737,62-73-7,TRI,"Phosphoric acid, 2,2-dichloroethenyl dimethyl ester",62737
Dicofol,115322,115-32-2,TRI,"Benzenemethanol, 4-chloro-.alpha.-(4-chlorophenyl)-.alpha.-(trichloromethyl)-",115322
Diethanolamine,111422,111-42-2,TRI,"Ethanol, 2,2'-iminobis-",111422
Diethyl phthalate,84662,84-66-2,TRI,"1,2-Benzenedicarboxylic acid, 1,2-diethyl ester",84662
Diethyl sulfate,64675,64-67-5,TRI,"Sulfuric acid, diethyl ester",64675
Dimethyl phthalate,131113,131-11-3,TRI,"1,2-Benzenedicarboxylic acid, 1,2-dimethyl ester",131113
Dimethyl sulfate,77781,77-78-1,TRI,"Sulfuric acid, dimethyl ester",77781
Epichlorohydrin,106898,106-89-8,TRI,"Oxirane, 2-(chloromethyl)-",106898
Ethyl acrylate,140885,140-88-5,TRI,"2-Propenoic acid, ethyl ester",140885
Ethyl chloroformate,541413,541-41-3,TRI,"Carbonochloridic acid, ethyl ester",541413
Ethylbenzene,100414,100-41-4,TRI,"Benzene, ethyl-",100414
Ethylene,74851,74-85-1,TRI,Ethene,74851
Ethylene glycol,107211,107-21-1,TRI,"1,2-Ethanediol",107211
Ethylene oxide,75218,75-21-8,TRI,Oxirane,75218
Ethylene thiourea,96457,96-45-7,TRI,2-Imidazolidinethione,96457
Ethyleneimine,151564,151-56-4,TRI,Aziridine,151564
Fluometuron,2164172,2164-17-2,TRI,"Urea, N,N-dimethyl-N'-[3-(trifluoromethyl)phenyl]-",2164172
Formaldehyde,50000,50-00-0,TRI,Formaldehyde,50000
Freon 113 (CFC-113),76131,76-13-1,TRI,"Ethane, 1,1,2-trichloro-1,2,2-trifluoro-",76131
Heptachlor,76448,76-44-8,TRI,"4,7-Methano-1H-indene, 1,4,5,6,7,8,8-heptachloro-3a,4,7,7a-tetrahydro-",76448
"Hexachloro-1,3-butadiene",87683,87-68-3,TRI,"1,3-Butadiene, 1,1,2,3,4,4-hexachloro-",87683
Hexachlorobenzene,118741,118-74-1,TRI,"Benzene, 1,2,3,4,5,6-hexachloro-",118741
Hexachlorocyclopentadiene,77474,77-47-4,TRI,"1,3-Cyclopentadiene, 1,2,3,4,5,5-hexachloro-",77474
Hexachloroethane,67721,67-72-1,TRI,"Ethane, 1,1,1,2,2,2-hexachloro-",67721
Hydrazine,302012,302-01-2,TRI,Hydrazine,302012
"Hydrochloric acid (acid aerosols including mists, vapors, gas, fog, and other airborne forms of any particle size)",7647010,7647-01-0,TRI,Hydrochloric acid,7647010
Hydrogen cyanide,74908,74-90-8,TRI,Hydrocyanic acid,74908
Hydrogen fluoride,7664393,7664-39-3,TRI,Hydrofluoric acid,7664393
Hydroquinone,123319,123-31-9,TRI,"1,4-Benzenediol",123319
Isobutyraldehyde,78842,78-84-2,TRI,"Propanal, 2-methyl-",78842
"Isopropyl alcohol (only persons who manufacture by the strong acid process are subject, no supplier notification)",67630,67-63-0,TRI,Isopropyl alcohol,67630
Lead,7439921,7439-92-1,TRI,Lead,7439921
Lead compounds,N420,,TRI,Lead & compounds,NA-12
Lindane,58899,58-89-9,TRI,"Cyclohexane, 1,2,3,4,5,6-hexachloro-, (1.alpha.,2.alpha.,3.beta.,4.alpha.,5.alpha.,6.beta.)-",58899
Maleic anhydride,108316,108-31-6,TRI,"2,5-Furandione",108316
Maneb,12427382,12427-38-2,TRI,"Manganese, [[2-[(dithiocarboxy)amino]ethyl]carbamodithioato(2-)-.kappa.S,.kappa.S']-",12427382
Manganese,7439965,7439-96-5,TRI,Manganese,7439965
Manganese compounds,N450,,TRI,Manganese & compounds,NA-13
Melamine,108781,108-78-1,TRI,"1,3,5-Triazine-2,4,6-triamine",108781
Mercury,7439976,7439-97-6,TRI,Mercury,7439976
Mercury compounds,N458,,TRI,Mercury & compounds,NA-14
Methanol,67561,67-56-1,TRI,Methanol,67561
Methyl acrylate,96333,96-33-3,TRI,"2-Propenoic acid, methyl ester",96333
Methyl ethyl ketone,78933,78-93-3,TRI,2-Butanone,78933
Methyl hydrazine,60344,60-34-4,TRI,"Hydrazine, methyl-",60344
Methyl isobutyl ketone,108101,108-10-1,TRI,"2-Pentanone, 4-methyl-",108101
Methyl isocyanate,624839,624-83-9,TRI,"Methane, isocyanato-",624839
Methyl methacrylate,80626,80-62-6,TRI,"2-Propenoic acid, 2-methyl-, methyl ester",80626
Methyl tert-butyl ether,1634044,1634-04-4,TRI,"Propane, 2-methoxy-2-methyl-",1634044
Methylene bromide,74953,74-95-3,TRI,"Methane, dibromo-",74953
Michler's ketone,90948,90-94-8,TRI,"Methanone, bis[4-(dimethylamino)phenyl]-",90948
Molybdenum trioxide,1313275,1313-27-5,TRI,Molybdenum oxide (MoO3),1313275
"N,N-Dimethylaniline",121697,121-69-7,TRI,"Benzenamine, N,N-dimethyl-",121697
Naphthalene,91203,91-20-3,TRI,Naphthalene,91203
Nickel,7440020,7440-02-0,TRI,Nickel,7440020
Nickel compounds,N495,,TRI,Nickel & compounds,NA-15
Nitric acid,7697372,7697-37-2,TRI,Nitric acid,7697372
Nitrilotriacetic acid,139139,139-13-9,TRI,"Glycine, N,N-bis(carboxymethyl)-",139139
Nitrobenzene,98953,98-95-3,TRI,"Benzene, nitro-",98953
Nitroglycerin,55630,55-63-0,TRI,"1,2,3-Propanetriol, 1,2,3-trinitrate",55630
Parathion,56382,56-38-2,TRI,"Phosphorothioic acid, O,O-diethyl O-(4-nitrophenyl) ester",56382
Pentachlorophenol,87865,87-86-5,TRI,"Phenol, 2,3,4,5,6-pentachloro-",87865
Peracetic acid,79210,79-21-0,TRI,Ethaneperoxoic acid,79210
Phenol,108952,108-95-2,TRI,Phenol,108952
Phosgene,75445,75-44-5,TRI,Carbonic dichloride,75445
Phosphoric acid,7664382,7664-38-2,TRI,Phosphoric acid,7664382
Phosphorus (yellow or white),12185103,7723-14-0,TRI,Phosphorus (yellow or white only),7723140
Phthalic anhydride,85449,85-44-9,TRI,"1,3-Isobenzofurandione",85449
Picric acid,88891,88-89-1,TRI,"Phenol, 2,4,6-trinitro-",88891
Polychlorinated biphenyls,1336363,1336-36-3,TRI,Polychlorinated biphenyls (PCBs),1336363
Propionaldehyde,123386,123-38-6,TRI,Propanal,123386
Propoxur,114261,114-26-1,TRI,"Phenol, 2-(1-methylethoxy)-, methylcarbamate",114261
Propylene,115071,115-07-1,TRI,1-Propene,115071
Propylene oxide,75569,75-56-9,TRI,"Oxirane, 2-methyl-",75569
Propyleneimine,75558,75-55-8,TRI,"Aziridine, 2-methyl-",75558
Pyridine,110861,110-86-1,TRI,Pyridine,110861
Quinoline,91225,91-22-5,TRI,Quinoline,91225
Quinone,106514,106-51-4,TRI,"2,5-Cyclohexadiene-1,4-dione",106514
Quintozene,82688,82-68-8,TRI,"Benzene, 1,2,3,4,5-pentachloro-6-nitro-",82688
"Saccharin (only persons who manufacture are subject, no supplier notification)",81072,81-07-2,TRI,"1,2-Benzisothiazol-3(2H)-one, 1,1-dioxide",81072
Safrole,94597,94-59-7,TRI,"1,3-Benzodioxole, 5-(2-propen-1-yl)-",94597
Selenium,7782492,7782-49-2,TRI,Selenium,7782492
Selenium compounds,N725,,TRI,Selenium & compounds,NA-29
Silver,7440224,7440-22-4,TRI,Silver,7440224
Silver compounds,N740,,TRI,Silver & compounds,NA-24
Sodium hydroxide (solution),1310732,1310-73-2,TRI,Sodium hydroxide (Na(OH)),1310732
Sodium sulfate (solution),7757826,7757-82-6,TRI,Sulfuric acid sodium salt (1:2),7757826
Styrene,100425,100-42-5,TRI,"Benzene, ethenyl-",100425
"Sulfuric acid (acid aerosols including mists, vapors, gas, fog, and other airborne forms of any particle size)",7664939,7664-93-9,TRI,Sulfuric acid,7664939
Terephthalic acid,100210,100-21-0,TRI,"1,4-Benzenedicarboxylic acid",100210
Tetrachloroethylene,127184,127-18-4,TRI,"Ethene, 1,1,2,2-tetrachloro-",127184
Tetrachlorvinphos,961115,961-11-5,TRI,"Phosphoric acid, 2-chloro-1-(2,4,5-trichlorophenyl)ethenyl dimethyl ester",961115
Thiourea,62566,62-56-6,TRI,Thiourea,62566
Thorium dioxide,1314201,1314-20-1,TRI,Thorium oxide (ThO2),1314201
Titanium tetrachloride,7550450,7550-45-0,TRI,Titanium chloride (TiCl4) (T-4)-,7550450
Toluene,108883,108-88-3,TRI,"Benzene, methyl-",108883
"Toluene-2,4-diisocyanate",584849,584-84-9,TRI,"Benzene, 2,4-diisocyanato-1-methyl-",584849
"Toluene-2,6-diisocyanate",91087,91-08-7,TRI,"Benzene, 1,3-diisocyanato-2-methyl-",91087
Trichlorfon,52686,52-68-6,TRI,"Phosphonic acid, (2,2,2-trichloro-1-hydroxyethyl)-, dimethyl ester",52686
Trichloroethylene,79016,79-01-6,TRI,"Ethene, 1,1,2-trichloro-",79016
Trifluralin,1582098,1582-09-8,TRI,"Benzenamine, 2,6-dinitro-N,N-dipropyl-4-(trifluoromethyl)-",1582098
Urethane,51796,51-79-6,TRI,"Carbamic acid, ethyl ester",51796
Vanadium (except when contained in an alloy),7440622,7440-62-2,TRI,Vanadium,7440622
Vinyl acetate,108054,108-05-4,TRI,Acetic acid ethenyl ester,108054
Vinyl chloride,75014,75-01-4,TRI,"Ethene, chloro-",75014
Vinylidene chloride,75354,75-35-4,TRI,"Ethene, 1,1-dichloro-",75354
Xylene (mixed isomers),1330207,1330-20-7,TRI,"Benzene, dimethyl-",1330207
Zinc (fume or dust),7440666,7440-66-6,TRI,Zinc,7440666
Zinc compounds,N982,,TRI,Zinc & compounds,NA-18
Zineb,12122677,12122-67-7,TRI,"Zinc, [[2-[(dithiocarboxy)amino]ethyl]carbamodithioato(2-)-.kappa.S,.kappa.S']-",12122677
alpha-Naphthylamine,134327,134-32-7,TRI,1-Naphthalenamine,134327
m-Cresol,108394,108-39-4,TRI,"Phenol, 3-methyl-",108394
m-Xylene,108383,108-38-3,TRI,"Benzene, 1,3-dimethyl-",108383
n-Butyl alcohol,71363,71-36-3,TRI,1-Butanol,71363
n-Dioctyl phthalate,117840,117-84-0,TRI,"1,2-Benzenedicarboxylic acid, 1,2-dioctyl ester",117840
o-Anisidine,90040,90-04-0,TRI,"Benzenamine, 2-methoxy-",90040
o-Cresol,95487,95-48-7,TRI,"Phenol, 2-methyl-",95487
o-Toluidine,95534,95-53-4,TRI,"Benzenamine, 2-methyl-",95534
o-Xylene,95476,95-47-6,TRI,"Benzene, 1,2-dimethyl-",95476
p-Anisidine,104949,104-94-9,TRI,"Benzenamine, 4-methoxy-",104949
p-Cresidine,120718,120-71-8,TRI,"Benzenamine, 2-methoxy-5-methyl-",120718
p-Cresol,106445,106-44-5,TRI,"Phenol, 4-methyl-",106445
p-Phenylenediamine,106503,106-50-3,TRI,"1,4-Benzenediamine",106503
p-Xylene,106423,106-42-3,TRI,"Benzene, 1,4-dimethyl-",106423
sec-Butyl alcohol,78922,78-92-2,TRI,2-Butanol,78922
tert-Butyl alcohol,75650,75-65-0,TRI,"2-Propanol, 2-methyl-",75650
"1,3-Dichloropropylene",542756,542-75-6,TRI,"1-Propene, 1,3-dichloro-",542756
"2,4-Diaminotoluene",95807,95-80-7,TRI,"1,3-Benzenediamine, 4-methyl-",95807
"4,4'-Methylenebis(N,N-dimethyl)benzenamine",101611,101-61-1,TRI,"Benzenamine, 4,4'-methylenebis[N,N-dimethyl-",101611
C.I. Food Red 15,81889,81-88-9,TRI,"Xanthylium, 9-(2-carboxyphenyl)-3,6-bis(diethylamino)-, chloride (1:1)",81889
Hydrazine sulfate (1:1),10034932,10034-93-2,TRI,"Hydrazine, sulfate (1:1)",10034932
Methoxychlor,72435,72-43-5,TRI,"Benzene, 1,1'-(2,2,2-trichloroethylidene)bis[4-methoxy-",72435
Methyl iodide,74884,74-88-4,TRI,"Methane, iodo-",74884
N-Nitrosodiphenylamine,86306,86-30-6,TRI,"Benzenamine, N-nitroso-N-phenyl-",86306
Styrene oxide,96093,96-09-3,TRI,"Oxirane, 2-phenyl-",96093
Thallium compounds,N760,,TRI,Thallium & compounds,NA-19
Thioacetamide,62555,62-55-5,TRI,Ethanethioamide,62555
"1,1-Dimethylhydrazine",57147,57-14-7,TRI,"Hydrazine, 1,1-dimethyl-",57147
"2,4,6-Trichlorophenol",88062,88-06-2,TRI,"Phenol, 2,4,6-trichloro-",88062
"2,6-Xylidine",87627,87-62-7,TRI,"Benzenamine, 2,6-dimethyl-",87627
"3,3'-Dimethoxybenzidine",119904,119-90-4,TRI,"[1,1'-Biphenyl]-4,4'-diamine, 3,3'-dimethoxy-",119904
"3,3'-Dimethylbenzidine",119937,119-93-7,TRI,"[1,1'-Biphenyl]-4,4'-diamine, 3,3'-dimethyl-",119937
C.I. Basic Red 1,989388,989-38-8,TRI,"Xanthylium, 9-[2-(ethoxycarbonyl)phenyl]-3,6-bis(ethylamino)-2,7-dimethyl-, chloride (1:1)",989388
C.I. Direct Black 38,1937377,1937-37-7,TRI,"2,7-Naphthalenedisulfonic acid, 4-amino-3-[2-[4'-[2-(2,4-diaminophenyl)diazenyl][1,1'-biphenyl]-4-yl]diazenyl]-5-hydroxy-6-(2-phenyldiazenyl)-, sodium salt (1:2)",1937377
C.I. Disperse Yellow 3,2832408,2832-40-8,TRI,"Acetamide, N-[4-[2-(2-hydroxy-5-methylphenyl)diazenyl]phenyl]-",2832408
Diisocyanates,N120,,TRI,Diisocyanates,NA-22
Thallium,7440280,7440-28-0,TRI,Thallium,7440280
"2,3-Dichloropropene",78886,78-88-6,TRI,"1-Propene, 2,3-dichloro-",78886
Allyl alcohol,107186,107-18-6,TRI,2-Propen-1-ol,107186
C.I. Solvent Yellow 3,97563,97-56-3,TRI,"Benzenamine, 2-methyl-4-[2-(2-methylphenyl)diazenyl]-",97563
Chloromethyl methyl ether,107302,107-30-2,TRI,"Methane, chloromethoxy-",107302
Creosote,8001589,8001-58-9,TRI,Creosote,8001589
Dinitrotoluene (mixed isomers),25321146,25321-14-6,TRI,"Benzene, methyldinitro-",25321146
Isosafrole,120581,120-58-1,TRI,"1,3-Benzodioxole, 5-(1-propen-1-yl)-",120581
Toluene diisocyanate (mixed isomers),26471625,26471-62-5,TRI,"Benzene, 1,3-diisocyanatomethyl-",26471625
Toxaphene,8001352,8001-35-2,TRI,Toxaphene,8001352
Bromochlorodifluoromethane (Halon 1211),353593,353-59-3,TRI,"Methane, bromochlorodifluoro-",353593
Bromoform,75252,75-25-2,TRI,"Methane, tribromo-",75252
Bromotrifluoromethane (Halon 1301),75638,75-63-8,TRI,"Methane, bromotrifluoro-",75638
Dichlorodifluoromethane (CFC-12),75718,75-71-8,TRI,"Methane, dichlorodifluoro-",75718
Dichlorotetrafluoroethane (CFC-114),76142,76-14-2,TRI,"Ethane, 1,2-dichloro-1,1,2,2-tetrafluoro-",76142
Monochloropentafluoroethane (CFC-115),76153,76-15-3,TRI,"Ethane, 1-chloro-1,1,2,2,2-pentafluoro-",76153
Trichlorofluoromethane (CFC-11),75694,75-69-4,TRI,"Methane, trichlorofluoro-",75694
m-Dinitrobenzene,99650,99-65-0,TRI,"Benzene, 1,3-dinitro-",99650
o-Dinitrobenzene,528290,528-29-0,TRI,"Benzene, 1,2-dinitro-",528290
p-Nitrosodiphenylamine,156105,156-10-5,TRI,"Benzenamine, 4-nitroso-N-phenyl-",156105
Nitrate compounds (water dissociable; reportable only when in aqueous solution),N511,,TRI,Nitrate & compounds,NA-21
C.I. Solvent Orange 7,3118976,3118-97-6,TRI,"2-Naphthalenol, 1-[2-(2,4-dimethylphenyl)diazenyl]-",3118976
"N,N-Dimethylformamide",68122,68-12-2,TRI,"Formamide, N,N-dimethyl-",68122
"1,1,1,2-Tetrachloroethane",630206,630-20-6,TRI,"Ethane, 1,1,1,2-tetrachloro-",630206
"1,1-Dichloro-1-fluoroethane (HCFC-141b)",1717006,1717-00-6,TRI,"Ethane, 1,1-dichloro-1-fluoro-",1717006
"1,4-Dichloro-2-butene",764410,764-41-0,TRI,"2-Butene, 1,4-dichloro-",764410
"1-Chloro-1,1-difluoroethane (HCFC-142b)",75683,75-68-3,TRI,"Ethane, 1-chloro-1,1-difluoro-",75683
"2,2-Dichloro-1,1,1-trifluoroethane (HCFC-123)",306832,306-83-2,TRI,"Ethane, 2,2-dichloro-1,1,1-trifluoro-",306832
"2-Chloro-1,1,1,2-tetrafluoroethane (HCFC-124)",2837890,2837-89-0,TRI,"Ethane, 2-chloro-1,1,1,2-tetrafluoro-",2837890
2-Methylpyridine,109068,109-06-8,TRI,"Pyridine, 2-methyl-",109068
5-Nitro-o-toluidine,99558,99-55-8,TRI,"Benzenamine, 2-methyl-5-nitro-",99558
Acetophenone,98862,98-86-2,TRI,"Ethanone, 1-phenyl-",98862
Chlorodifluoromethane (HCFC-22),75456,75-45-6,TRI,"Methane, chlorodifluoro-",75456
"Ethylenebisdithiocarbamic acid, salts and esters",N171,,TRI,"Ethylenebisdithiocarbamic acid, salts and esters",NA-34
Ethylidene dichloride,75343,75-34-3,TRI,"Ethane, 1,1-dichloro-",75343
Formic acid,64186,64-18-6,TRI,Formic acid,64186
Hexachlorophene,70304,70-30-4,TRI,"Phenol, 2,2'-methylenebis[3,4,6-trichloro-",70304
Malononitrile,109773,109-77-3,TRI,Propanedinitrile,109773
Methacrylonitrile,126987,126-98-7,TRI,"2-Propenenitrile, 2-methyl-",126987
Methyl chlorocarbonate,79221,79-22-1,TRI,"Carbonochloridic acid, methyl ester",79221
Paraldehyde,123637,123-63-7,TRI,"1,3,5-Trioxane, 2,4,6-trimethyl-",123637
Pentachloroethane,76017,76-01-7,TRI,"Ethane, 1,1,1,2,2-pentachloro-",76017
Pronamide,23950585,23950-58-5,TRI,"Benzamide, 3,5-dichloro-N-(1,1-dimethyl-2-propynyl)-",23950585
Thiram,137268,137-26-8,TRI,"Thioperoxydicarbonic diamide ([(H2N)C(S)]2S2), N,N,N',N'-tetramethyl-",137268
"1,2,3-Trichloropropane",96184,96-18-4,TRI,"Propane, 1,2,3-trichloro-",96184
"1,2-Dichloro-1,1-difluoroethane (HCFC-132b)",1649087,1649-08-7,TRI,"Ethane, 1,2-dichloro-1,1-difluoro-",1649087
"1,2-Phenylenediamine",95545,95-54-5,TRI,"1,2-Benzenediamine",95545
"1,3-Phenylenediamine",108452,108-45-2,TRI,"1,3-Benzenediamine",108452
"1-(3-Chloroallyl)-3,5,7-triaza-1-azoniaadamantane chloride",4080313,4080-31-3,TRI,"3,5,7-Triaza-1-azoniatricyclo[3.3.1.13,7]decane, 1-(3-chloro-2-propen-1-yl)-, chloride (1:1)",4080313
"1-Bromo-1-(bromomethyl)-1,3-propanedicarbonitrile",35691657,35691-65-7,TRI,"Pentanedinitrile, 2-bromo-2-(bromomethyl)-",35691657
"2,4-D 2-butoxyethyl ester",1929733,1929-73-3,TRI,"Acetic acid, (2,4-dichlorophenoxy)-, 2-butoxyethyl ester",1929733
"2,4-D 2-ethylhexyl ester",1928434,1928-43-4,TRI,"Acetic acid, (2,4-dichlorophenoxy)-, 2-ethylhexyl ester",1928434
"2,4-DB",94826,94-82-6,TRI,"Butanoic acid, 4-(2,4-dichlorophenoxy)-",94826
"2,4-DP",120365,120-36-5,TRI,"Propanoic acid, 2-(2,4-dichlorophenoxy)-",120365
"2,6-Dimethylphenol",576261,576-26-1,TRI,"Phenol, 2,6-dimethyl-",576261
"2-Chloro-1,1,1-trifluoroethane (HCFC-133a)",75887,75-88-7,TRI,"Ethane, 2-chloro-1,1,1-trifluoro-",75887
2-Mercaptobenzothiazole,149304,149-30-4,TRI,2(3H)-Benzothiazolethione,149304
2-Methyllactonitrile,75865,75-86-5,TRI,"Propanenitrile, 2-hydroxy-2-methyl-",75865
"3,3'-Dichlorobenzidine dihydrochloride",612839,612-83-9,TRI,"[1,1'-Biphenyl]-4,4'-diamine, 3,3'-dichloro-, hydrochloride (1:2)",612839
"3,3'-Dichlorobenzidine sulfate",64969342,64969-34-2,TRI,"[1,1'-Biphenyl]-4,4'-diamine, 3,3'-dichloro-, sulfate (1:2)",64969342
"3,3'-Dimethoxybenzidine dihydrochloride",20325400,20325-40-0,TRI,"[1,1'-Biphenyl]-4,4'-diamine, 3,3'-dimethoxy-, hydrochloride (1:2)",20325400
3-Chloro-2-methyl-1-propene,563473,563-47-3,TRI,"1-Propene, 3-chloro-2-methyl-",563473
3-Iodo-2-propynyl butylcarbamate,55406536,55406-53-6,TRI,"Carbamic acid, N-butyl-, 3-iodo-2-propyn-1-yl ester",55406536
Abamectin,71751412,71751-41-2,TRI,Avermectin B1,71751412
Acephate,30560191,30560-19-1,TRI,"Phosphoramidothioic acid, acetyl-, O,S-dimethyl ester",30560191
"Acifluorfen, sodium salt",62476599,62476-59-9,TRI,"Benzoic acid, 5-[2-chloro-4-(trifluoromethyl)phenoxy]-2-nitro-, sodium salt (1:1)",62476599
Alachlor,15972608,15972-60-8,TRI,"Acetamide, 2-chloro-N-(2,6-diethylphenyl)-N-(methoxymethyl)-",15972608
Aldicarb,116063,116-06-3,TRI,"Propanal, 2-methyl-2-(methylthio)-, O-[(methylamino)carbonyl]oxime",116063
Ametryn,834128,834-12-8,TRI,"1,3,5-Triazine-2,4-diamine, N-ethyl-N'-(1-methylethyl)-6-(methylthio)-",834128
Atrazine,1912249,1912-24-9,TRI,"1,3,5-Triazine-2,4-diamine, 6-chloro-N2-ethyl-N4-(1-methylethyl)-",1912249
Benfluralin,1861401,1861-40-1,TRI,"Benzenamine, N-butyl-N-ethyl-2,6-dinitro-4-(trifluoromethyl)-",1861401
Benomyl,17804352,17804-35-2,TRI,"Carbamic acid, N-[1-[(butylamino)carbonyl]-1H-benzimidazol-2-yl]-, methyl ester",17804352
Bifenthrin,82657043,82657-04-3,TRI,"Cyclopropanecarboxylic acid, 3-[(1Z)-2-chloro-3,3,3-trifluoro-1-propenyl]-2,2-dimethyl-, (2-methyl[1,1'-biphenyl]-3-yl)methyl ester, (1R,3R)-rel-",82657043
Bis(tributyltin) oxide,56359,56-35-9,TRI,"Distannoxane, 1,1,1,3,3,3-hexabutyl-",56359
Boron trifluoride,7637072,7637-07-2,TRI,"Borane, trifluoro-",7637072
Bromacil,314409,314-40-9,TRI,"2,4(1H,3H)-Pyrimidinedione, 5-bromo-6-methyl-3-(1-methylpropyl)-",314409
Bromine,7726956,7726-95-6,TRI,Bromine,7726956
Bromoxynil,1689845,1689-84-5,TRI,"Benzonitrile, 3,5-dibromo-4-hydroxy-",1689845
Bromoxynil octanoate,1689992,1689-99-2,TRI,"Octanoic acid, 2,6-dibromo-4-cyanophenyl ester",1689992
Brucine,357573,357-57-3,TRI,"Strychnidin-10-one, 2,3-dimethoxy-",357573
C.I. Acid Red 114,6459945,6459-94-5,TRI,"1,3-Naphthalenedisulfonic acid, 8-[2-[3,3'-dimethyl-4'-[2-[4-[[(4-methylphenyl)sulfonyl]oxy]phenyl]diazenyl][1,1'-biphenyl]-4-yl]diazenyl]-7-hydroxy-, sodium salt (1:2)",6459945
C.I. Direct Blue 218,28407376,28407-37-6,TRI,"Cuprate(4-), [.mu.-[[3,3'-[[3,3'-di(hydroxy-.kappa.O)[1,1'-biphenyl]-4,4'-diyl]bis(2,1-diazenediyl-.kappa.N1)]bis[5-amino-4-(hydroxy-.kappa.O)-2,7-naphthalenedisulfonato]](8-)]]di-, sodium (1:4)",28407376
C.I. Direct Brown 95,16071866,16071-86-6,TRI,"Cuprate(2-), [2-hydroxy-5-[2-[4'-[2-[2-(hydroxy-.kappa.O)-6-hydroxy-3-[2-[2-(hydroxy-.kappa.O)-5-sulfophenyl]diazenyl-.kappa.N1]phenyl]diazenyl][1,1'-biphenyl]-4-yl]diazenyl]benzoato(4-)]-, sodium (1:2)",16071866
Carbofuran,1563662,1563-66-2,TRI,"7-Benzofuranol, 2,3-dihydro-2,2-dimethyl-, 7-(N-methylcarbamate)",1563662
Carboxin,5234684,5234-68-4,TRI,"1,4-Oxathiin-3-carboxamide, 5,6-dihydro-2-methyl-N-phenyl-",5234684
Chlorendic acid,115286,115-28-6,TRI,"Bicyclo[2.2.1]hept-5-ene-2,3-dicarboxylic acid, 1,4,5,6,7,7-hexachloro-",115286
Chlorimuron-ethyl,90982324,90982-32-4,TRI,"Benzoic acid, 2-[[[[(4-chloro-6-methoxy-2-pyrimidinyl)amino]carbonyl]amino]sulfonyl]-, ethyl ester",90982324
Chloropicrin,76062,76-06-2,TRI,"Methane, trichloronitro-",76062
Chlorpyrifos-methyl,5598130,5598-13-0,TRI,"Phosphorothioic acid, O,O-dimethyl O-(3,5,6-trichloro-2-pyridinyl) ester",5598130
Chlorsulfuron,64902723,64902-72-3,TRI,"Benzenesulfonamide, 2-chloro-N-[[(4-methoxy-6-methyl-1,3,5-triazin-2-yl)amino]carbonyl]-",64902723
Crotonaldehyde,4170303,4170-30-3,TRI,2-Butenal,4170303
Cyanazine,21725462,21725-46-2,TRI,"Propanenitrile, 2-[[4-chloro-6-(ethylamino)-1,3,5-triazin-2-yl]amino]-2-methyl-",21725462
Cycloate,1134232,1134-23-2,TRI,"Carbamothioic acid, cyclohexylethyl-, S-ethyl ester",1134232
Cyclohexanol,108930,108-93-0,TRI,Cyclohexanol,108930
Cyfluthrin,68359375,68359-37-5,TRI,"Cyclopropanecarboxylic acid, 3-(2,2-dichloroethenyl)-2,2-dimethyl-, cyano(4-fluoro-3-phenoxyphenyl)methyl ester",68359375
Dazomet,533744,533-74-4,TRI,"2H-1,3,5-Thiadiazine-2-thione, tetrahydro-3,5-dimethyl-",533744
"Dazomet, sodium salt",53404607,53404-60-7,TRI,"2H-1,3,5-Thiadiazine-2-thione, tetrahydro-3,5-dimethyl-, ion(1-), sodium",53404607
Diazinon,333415,333-41-5,TRI,"Phosphorothioic acid, O,O-diethyl O-[6-methyl-2-(1-methylethyl)-4-pyrimidinyl] ester",333415
Dicamba,1918009,1918-00-9,TRI,"Benzoic acid, 3,6-dichloro-2-methoxy-",1918009
Dichloran,99309,99-30-9,TRI,"Benzenamine, 2,6-dichloro-4-nitro-",99309
Dichlorofluoromethane (HCFC-21),75434,75-43-4,TRI,"Methane, dichlorofluoro-",75434
Dicyclopentadiene,77736,77-73-6,TRI,"4,7-Methano-1H-indene, 3a,4,7,7a-tetrahydro-",77736
Dihydrosafrole,94586,94-58-6,TRI,"1,3-Benzodioxole, 5-propyl-",94586
Dimethoate,60515,60-51-5,TRI,"Phosphorodithioic acid, O,O-dimethyl S-[2-(methylamino)-2-oxoethyl] ester",60515
Dimethyl chlorothiophosphate,2524030,2524-03-0,TRI,"Phosphorochloridothioic acid, O,O-dimethyl ester",2524030
Dimethylamine,124403,124-40-3,TRI,"Methanamine, N-methyl-",124403
Dimethylamine dicamba,2300665,2300-66-5,TRI,"Benzoic acid, 3,6-dichloro-2-methoxy-, compd. with N-methylmethanamine (1:1)",2300665
Dinitrobutyl phenol,88857,88-85-7,TRI,"Phenol, 2-(1-methylpropyl)-4,6-dinitro-",88857
Diphenylamine,122394,122-39-4,TRI,"Benzenamine, N-phenyl-",122394
Diuron,330541,330-54-1,TRI,"Urea, N'-(3,4-dichlorophenyl)-N,N-dimethyl-",330541
Dodine,2439103,2439-10-3,TRI,"Guanidine, N-dodecyl-, acetate (1:1)",2439103
Ethoprop,13194484,13194-48-4,TRI,"Phosphorodithioic acid, O-ethyl S,S-dipropyl ester",13194484
Famphur,52857,52-85-7,TRI,"Phosphorothioic acid, O-[4-[(dimethylamino)sulfonyl]phenyl] O,O-dimethyl ester",52857
Fenarimol,60168889,60168-88-9,TRI,"5-Pyrimidinemethanol, .alpha.-(2-chlorophenyl)-.alpha.-(4-chlorophenyl)-",60168889
Fluorine,7782414,7782-41-4,TRI,Fluorine,7782414
Folpet,133073,133-07-3,TRI,"1H-Isoindole-1,3(2H)-dione, 2-[(trichloromethyl)thio]-",133073
Fomesafen,72178020,72178-02-0,TRI,"Benzamide, 5-[2-chloro-4-(trifluoromethyl)phenoxy]-N-(methylsulfonyl)-2-nitro-",72178020
Hexazinone,51235042,51235-04-2,TRI,"1,3,5-Triazine-2,4(1H,3H)-dione, 3-cyclohexyl-6-(dimethylamino)-1-methyl-",51235042
Hydramethylnon,67485294,67485-29-4,TRI,"2(1H)-Pyrimidinone, tetrahydro-5,5-dimethyl-, [3-[4-(trifluoromethyl)phenyl]-1-[2-[4-(trifluoromethyl)phenyl]ethenyl]-2-propenylidene]hydrazone",67485294
Isofenphos,25311711,25311-71-1,TRI,"Benzoic acid, 2-[[ethoxy[(1-methylethyl)amino]phosphinothioyl]oxy]-, 1-methylethyl ester",25311711
Lactofen,77501634,77501-63-4,TRI,"Benzoic acid, 5-[2-chloro-4-(trifluoromethyl)phenoxy]-2-nitro-, 2-ethoxy-1-methyl-2-oxoethyl ester",77501634
Linuron,330552,330-55-2,TRI,"Urea, N'-(3,4-dichlorophenyl)-N-methoxy-N-methyl-",330552
Lithium carbonate,554132,554-13-2,TRI,"Carbonic acid, lithium salt (1:2)",554132
Malathion,121755,121-75-5,TRI,"Butanedioic acid, [(dimethoxyphosphinothioyl)thio]-, diethyl ester",121755
Mecoprop,93652,93-65-2,TRI,"Propanoic acid, 2-(4-chloro-2-methylphenoxy)-",93652
Metham sodium,137428,137-42-8,TRI,"Carbamodithioic acid, methyl-, monosodium salt",137428
Methoxone,94746,94-74-6,TRI,"Acetic acid, 2-(4-chloro-2-methylphenoxy)-",94746
Methyl isothiocyanate,556616,556-61-6,TRI,"Methane, isothiocyanato-",556616
Metribuzin,21087649,21087-64-9,TRI,"1,2,4-Triazin-5(4H)-one, 4-amino-6-(1,1-dimethylethyl)-3-(methylthio)-",21087649
Mevinphos,7786347,7786-34-7,TRI,"2-Butenoic acid, 3-[(dimethoxyphosphinyl)oxy]-, methyl ester",7786347
Molinate,2212671,2212-67-1,TRI,"1H-Azepine-1-carbothioic acid, hexahydro-, S-ethyl ester",2212671
N-Methyl-2-pyrrolidone,872504,872-50-4,TRI,"2-Pyrrolidinone, 1-methyl-",872504
N-Methylolacrylamide,924425,924-42-5,TRI,"2-Propenamide, N-(hydroxymethyl)-",924425
Nabam,142596,142-59-6,TRI,"Carbamodithioic acid, N,N'-1,2-ethanediylbis-, sodium salt (1:2)",142596
Naled,300765,300-76-5,TRI,"Phosphoric acid, 1,2-dibromo-2,2-dichloroethyl dimethyl ester",300765
Nicotine and salts,N503,,TRI,Nicotine & salts,NA-20
Nitrapyrin,1929824,1929-82-4,TRI,"Pyridine, 2-chloro-6-(trichloromethyl)-",1929824
Norflurazon,27314132,27314-13-2,TRI,"3(2H)-Pyridazinone, 4-chloro-5-(methylamino)-2-[3-(trifluoromethyl)phenyl]-",27314132
Oryzalin,19044883,19044-88-3,TRI,"Benzenesulfonamide, 4-(dipropylamino)-3,5-dinitro-",19044883
Oxadiazon,19666309,19666-30-9,TRI,"1,3,4-Oxadiazol-2(3H)-one, 3-[2,4-dichloro-5-(1-methylethoxy)phenyl]-5-(1,1-dimethylethyl)-",19666309
Oxyfluorfen,42874033,42874-03-3,TRI,"Benzene, 2-chloro-1-(3-ethoxy-4-nitrophenoxy)-4-(trifluoromethyl)-",42874033
Ozone,10028156,10028-15-6,TRI,Ozone,10028156
Paraquat dichloride,1910425,1910-42-5,TRI,"4,4'-Bipyridinium, 1,1'-dimethyl-, dichloride",1910425
Pebulate,1114712,1114-71-2,TRI,"Carbamothioic acid, butylethyl-, S-propyl ester",1114712
Pendimethalin,40487421,40487-42-1,TRI,"Benzenamine, N-(1-ethylpropyl)-3,4-dimethyl-2,6-dinitro-",40487421
Perchloromethyl mercaptan,594423,594-42-3,TRI,"Methanesulfenyl chloride, trichloro-",594423
Permethrin,52645531,52645-53-1,TRI,"Cyclopropanecarboxylic acid, 3-(2,2-dichloroethenyl)-2,2-dimethyl-, (3-phenoxyphenyl)methyl ester",52645531
Phenanthrene,85018,85-01-8,TRI,Phenanthrene,85018
Phenytoin,57410,57-41-0,TRI,"2,4-Imidazolidinedione, 5,5-diphenyl-",57410
Piperonyl butoxide,51036,51-03-6,TRI,"1,3-Benzodioxole, 5-[[2-(2-butoxyethoxy)ethoxy]methyl]-6-propyl-",51036
Polybrominated biphenyls,N575,59536-65-1,TRI,Polybrominated biphenyls (PBBs),59536651
Polychlorinated alkanes (C10-C13),N583,,TRI,Polychlorinated alkanes (C10-C13),NA-35
Polycyclic aromatic compounds,N590,130498-29-2,TRI,Polycyclic aromatic hydrocarbon (PAHs),130498292
Potassium dimethyldithiocarbamate,128030,128-03-0,TRI,"Carbamodithioic acid, N,N-dimethyl-, potassium salt (1:1)",128030
Prometryn,7287196,7287-19-6,TRI,"1,3,5-Triazine-2,4-diamine, N,N'-bis(1-methylethyl)-6-(methylthio)-",7287196
Propachlor,1918167,1918-16-7,TRI,"Acetamide, 2-chloro-N-(1-methylethyl)-N-phenyl-",1918167
Propanil,709988,709-98-8,TRI,"Propanamide, N-(3,4-dichlorophenyl)-",709988
Propargite,2312358,2312-35-8,TRI,"Sulfurous acid, 2-[4-(1,1-dimethylethyl)phenoxy]cyclohexyl 2-propynyl ester",2312358
Propargyl alcohol,107197,107-19-7,TRI,2-Propyn-1-ol,107197
Propetamphos,31218834,31218-83-4,TRI,"2-Butenoic acid, 3-[[(ethylamino)methoxyphosphinothioyl]oxy]-, 1-methylethyl ester, (2E)-",31218834
Propiconazole,60207901,60207-90-1,TRI,"1H-1,2,4-Triazole, 1-[[2-(2,4-dichlorophenyl)-4-propyl-1,3-dioxolan-2-yl]methyl]-",60207901
"S,S,S-Tributyltrithiophosphate",78488,78-48-8,TRI,"Phosphorotrithioic acid, S,S,S-tributyl ester",78488
S-Ethyl dipropylthiocarbamate,759944,759-94-4,TRI,"Carbamothioic acid, N,N-dipropyl-, S-ethyl ester",759944
Simazine,122349,122-34-9,TRI,"1,3,5-Triazine-2,4-diamine, 6-chloro-N2,N4-diethyl-",122349
Sodium azide,26628228,26628-22-8,TRI,Sodium azide (Na(N3)),26628228
Sodium dicamba,1982690,1982-69-0,TRI,"Benzoic acid, 3,6-dichloro-2-methoxy-, sodium salt (1:1)",1982690
Sodium dimethyldithiocarbamate,128041,128-04-1,TRI,"Carbamodithioic acid, N,N-dimethyl-, sodium salt (1:1)",128041
Sodium nitrite,7632000,7632-00-0,TRI,"Nitrous acid, sodium salt (1:1)",7632000
Sulprofos,35400432,35400-43-2,TRI,"Phosphorodithioic acid, O-ethyl O-[4-(methylthio)phenyl] S-propyl ester",35400432
Tebuthiuron,34014181,34014-18-1,TRI,"Urea, N-[5-(1,1-dimethylethyl)-1,3,4-thiadiazol-2-yl]-N,N'-dimethyl-",34014181
Terbacil,5902512,5902-51-2,TRI,"2,4(1H,3H)-Pyrimidinedione, 5-chloro-3-(1,1-dimethylethyl)-6-methyl-",5902512
Tetracycline hydrochloride,64755,64-75-5,TRI,"2-Naphthacenecarboxamide, 4-(dimethylamino)-1,4,4a,5,5a,6,11,12a-octahydro-3,6,10,12,12a-pentahydroxy-6-methyl-1,11-dioxo-, hydrochloride (1:1), (4S,4aS,5aS,6S,12aS)-",64755
Tetramethrin,7696120,7696-12-0,TRI,"Cyclopropanecarboxylic acid, 2,2-dimethyl-3-(2-methyl-1-propenyl)-, (1,3,4,5,6,7-hexahydro-1,3-dioxo-2H-isoindol-2-yl)methyl ester",7696120
Thiabendazole,148798,148-79-8,TRI,"1H-Benzimidazole, 2-(4-thiazolyl)-",148798
Thiobencarb,28249776,28249-77-6,TRI,"Carbamothioic acid, diethyl-, S-[(4-chlorophenyl)methyl] ester",28249776
Thiodicarb,59669260,59669-26-0,TRI,"Ethanimidothioic acid, N,N'-[thiobis[(methylimino)carbonyloxy]]bis-, dimethyl ester",59669260
Thiophanate-methyl,23564058,23564-05-8,TRI,"Carbamic acid, [1,2-phenylenebis(iminocarbonothioyl)]bis-, dimethyl ester",23564058
Triallate,2303175,2303-17-5,TRI,"Carbamothioic acid, bis(1-methylethyl)-, S-(2,3,3-trichloro-2-propenyl) ester",2303175
Tribenuron-methyl,101200480,101200-48-0,TRI,"Benzoic acid, 2-[[[[(4-methoxy-6-methyl-1,3,5-triazin-2-yl)methylamino]carbonyl]amino]sulfonyl]-, methyl ester",101200480
Tributyltin methacrylate,2155706,2155-70-6,TRI,"2-Propenoic acid, 2-methyl-, tributylstannyl ester",2155706
Triclopyr-triethylammonium salt,57213691,57213-69-1,TRI,"Acetic acid, [(3,5,6-trichloro-2-pyridinyl)oxy]-, compd. with N,N-diethylethanamine (1:1)",57213691
Triethylamine,121448,121-44-8,TRI,"Ethanamine, N,N-diethyl-",121448
Triforine,26644462,26644-46-2,TRI,"Formamide, N,N'-[1,4-piperazinediylbis(2,2,2-trichloroethylidene)]bis-",26644462
Triphenyltin hydroxide,76879,76-87-9,TRI,"Stannane, hydroxytriphenyl-",76879
Vinclozolin,50471448,50471-44-8,TRI,"2,4-Oxazolidinedione, 3-(3,5-dichlorophenyl)-5-ethenyl-5-methyl-",50471448
n-Hexane,110543,110-54-3,TRI,Hexane,110543
p-Chloroaniline,106478,106-47-8,TRI,"Benzenamine, 4-chloro-",106478
p-Nitroaniline,100016,100-01-6,TRI,"Benzenamine, 4-nitro-",100016
"1,3-Dichloro-1,1,2,2,3-pentafluoropropane (HCFC-225cb)",507551,507-55-1,TRI,"Propane, 1,3-dichloro-1,1,2,2,3-pentafluoro-",507551
"3,3-Dichloro-1,1,1,2,2-pentafluoropropane (HCFC-225ca)",422560,422-56-0,TRI,"Propane, 3,3-dichloro-1,1,1,2,2-pentafluoro-",422560
4-Aminoazobenzene,60093,60-09-3,TRI,"Benzenamine, 4-(2-phenyldiazenyl)-",60093
4-Aminobiphenyl,92671,92-67-1,TRI,"[1,1'-Biphenyl]-4-amine",92671
Allylamine,107119,107-11-9,TRI,2-Propen-1-amine,107119
Desmedipham,13684565,13684-56-5,TRI,"Carbamic acid, [3-[[(phenylamino)carbonyl]oxy]phenyl]-, ethyl ester",13684565
Diglycidyl resorcinol ether,101906,101-90-6,TRI,"Oxirane, 2,2'-[1,3-phenylenebis(oxymethylene)]bis-",101906
Dipotassium endothall,2164070,2164-07-0,TRI,"7-Oxabicyclo[2.2.1]heptane-2,3-dicarboxylic acid, potassium salt (1:2)",2164070
Fenthion,55389,55-38-9,TRI,"Phosphorothioic acid, O,O-dimethyl O-[3-methyl-4-(methylthio)phenyl] ester",55389
Fenvalerate,51630581,51630-58-1,TRI,"Benzeneacetic acid, 4-chloro-.alpha.-(1-methylethyl)-, cyano(3-phenoxyphenyl)methyl ester",51630581
Methyl parathion,298000,298-00-0,TRI,"Phosphorothioic acid, O,O-dimethyl O-(4-nitrophenyl) ester",298000
N-Nitrosomorpholine,59892,59-89-2,TRI,"Morpholine, 4-nitroso-",59892
Potassium N-methyldithiocarbamate,137417,137-41-7,TRI,"Carbamodithioic acid, methyl-, monopotassium salt",137417
Resmethrin,10453868,10453-86-8,TRI,"Cyclopropanecarboxylic acid, 2,2-dimethyl-3-(2-methyl-1-propenyl)-, [5-(phenylmethyl)-3-furanyl]methyl ester",10453868
p-Dinitrobenzene,100254,100-25-4,TRI,"Benzene, 1,4-dinitro-",100254
"trans-1,3-Dichloropropene",10061026,10061-02-6,TRI,"1-Propene, 1,3-dichloro-, (1E)-",10061026
"1,1,1,2-Tetrachloro-2-fluoroethane (HCFC-121a)",354110,354-11-0,TRI,"Ethane, 1,1,1,2-tetrachloro-2-fluoro-",354110
"1,3-Propane sultone",1120714,1120-71-4,TRI,"1,2-Oxathiolane, 2,2-dioxide",1120714
"2,4-D butyl ester",94804,94-80-4,TRI,"Acetic acid, (2,4-dichlorophenoxy)-, butyl ester",94804
Calcium cyanamide,156627,156-62-7,TRI,"Cyanamide, calcium salt (1:1)",156627
Diflubenzuron,35367385,35367-38-5,TRI,"Benzamide, N-[[(4-chlorophenyl)amino]carbonyl]-2,6-difluoro-",35367385
Myclobutanil,88671890,88671-89-0,TRI,"1H-1,2,4-Triazole-1-propanenitrile, .alpha.-butyl-.alpha.-(4-chlorophenyl)-",88671890
Phosphine,7803512,7803-51-2,TRI,Phosphine,7803512
Potassium bromate,7758012,7758-01-2,TRI,"Bromic acid, potassium salt (1:1)",7758012
Triadimefon,43121433,43121-43-3,TRI,"2-Butanone, 1-(4-chlorophenoxy)-3,3-dimethyl-1-(1H-1,2,4-triazol-1-yl)-",43121433
Triphenyltin chloride,639587,639-58-7,TRI,"Stannane, chlorotriphenyl-",639587
Vinyl bromide,593602,593-60-2,TRI,"Ethene, bromo-",593602
"1,1,2,2-Tetrachloro-1-fluoroethane (HCFC-121)",354143,354-14-3,TRI,"Ethane, 1,1,2,2-tetrachloro-1-fluoro-",354143
"1,2-Diphenylhydrazine",122667,122-66-7,TRI,"Hydrazine, 1,2-diphenyl-",122667
"2,4,5-Trichlorophenol",95954,95-95-4,TRI,"Phenol, 2,4,5-trichloro-",95954
2-Acetylaminofluorene,53963,53-96-3,TRI,"Acetamide, N-9H-fluoren-2-yl-",53963
Aldrin,309002,309-00-2,TRI,"1,4:5,8-Dimethanonaphthalene, 1,2,3,4,10,10-hexachloro-1,4,4a,5,8,8a-hexahydro-, (1.alpha.,4.alpha.,4a.beta.,5.alpha.,8.alpha.,8a.beta.)-",309002
Bendiocarb,22781233,22781-23-3,TRI,"1,3-Benzodioxol-4-ol, 2,2-dimethyl-, methylcarbamate",22781233
Benzidine,92875,92-87-5,TRI,"[1,1'-Biphenyl]-4,4'-diamine",92875
Bis(2-chloro-1-methylethyl) ether,108601,108-60-1,TRI,"Propane, 2,2'-oxybis[1-chloro-",108601
Bis(2-chloroethoxy)methane,111911,111-91-1,TRI,"Ethane, 1,1'-[methylenebis(oxy)]bis[2-chloro-",111911
Dichloropentafluoropropane,127564925,127564-92-5,TRI,"Propane, dichloropentafluoro-",127564925
Dichlorotrifluoroethane,34077877,34077-87-7,TRI,"Ethane, dichlorotrifluoro-",34077877
Diepoxybutane,1464535,1464-53-5,TRI,"2,2'-Bioxirane",1464535
Dinocap,39300453,39300-45-3,TRI,"2-Butenoic acid, 2(or 4)-isooctyl-4,6(or 2,6)-dinitrophenyl ester",39300453
Profenofos,41198087,41198-08-7,TRI,"Phosphorothioic acid, O-(4-bromo-2-chlorophenyl) O-ethyl S-propyl ester",41198087
Sethoxydim,74051802,74051-80-2,TRI,"2-Cyclohexen-1-one, 2-[1-(ethoxyimino)butyl]-5-[2-(ethylthio)propyl]-3-hydroxy-",74051802
"1,2-Dibromo-3-chloropropane",96128,96-12-8,TRI,"Propane, 1,2-dibromo-3-chloro-",96128
"2,4-Dithiobiuret",541537,541-53-7,TRI,Thioimidodicarbonic diamide ([(H2N)C(S)]2NH),541537
3-Chloropropionitrile,542767,542-76-7,TRI,"Propanenitrile, 3-chloro-",542767
Aluminum phosphide,20859738,20859-73-8,TRI,Aluminum phosphide (AlP),20859738
Amitrole,61825,61-82-5,TRI,"1H-1,2,4-Triazol-5-amine",61825
Boron trichloride,10294345,10294-34-5,TRI,"Borane, trichloro-",10294345
C.I. Solvent Yellow 34,492808,492-80-8,TRI,"Benzenamine, 4,4'-carbonimidoylbis[N,N-dimethyl-",492808
Chlorobenzilate,510156,510-15-6,TRI,"Benzeneacetic acid, 4-chloro-.alpha.-(4-chlorophenyl)-.alpha.-hydroxy-, ethyl ester",510156
Chlorotrifluoromethane (CFC-13),75729,75-72-9,TRI,"Methane, chlorotrifluoro-",75729
Diallate,2303164,2303-16-4,TRI,"Carbamothioic acid, bis(1-methylethyl)-, S-(2,3-dichloro-2-propenyl) ester",2303164
Dimethylcarbamoyl chloride,79447,79-44-7,TRI,"Carbamic chloride, N,N-dimethyl-",79447
Fenbutatin oxide,13356086,13356-08-6,TRI,"Distannoxane, 1,1,1,3,3,3-hexakis(2-methyl-2-phenylpropyl)-",13356086
Iron pentacarbonyl,13463406,13463-40-6,TRI,"Iron carbonyl (Fe(CO)5), (TB-5-11)-",13463406
Merphos,150505,150-50-5,TRI,"Phosphorotrithious acid, tributyl ester",150505
N-Nitroso-N-ethylurea,759739,759-73-9,TRI,"Urea, N-ethyl-N-nitroso-",759739
N-Nitroso-N-methylurea,684935,684-93-5,TRI,"Urea, N-methyl-N-nitroso-",684935
N-Nitrosodi-n-butylamine,924163,924-16-3,TRI,"1-Butanamine, N-butyl-N-nitroso-",924163
N-Nitrosodi-n-propylamine,621647,621-64-7,TRI,"1-Propanamine, N-nitroso-N-propyl-",621647
N-Nitrosodiethylamine,55185,55-18-5,TRI,"Ethanamine, N-ethyl-N-nitroso-",55185
N-Nitrosodimethylamine,62759,62-75-9,TRI,"Methanamine, N-methyl-N-nitroso-",62759
N-Nitrosomethylvinylamine,4549400,4549-40-0,TRI,"Ethenamine, N-methyl-N-nitroso-",4549400
N-Nitrosopiperidine,100754,100-75-4,TRI,"Piperidine, 1-nitroso-",100754
Picloram,1918021,1918-02-1,TRI,"2-Pyridinecarboxylic acid, 4-amino-3,5,6-trichloro-",1918021
Sodium fluoroacetate,62748,62-74-8,TRI,"Acetic acid, 2-fluoro-, sodium salt (1:1)",62748
Strychnine and salts,N746,,TRI,Strychnine & salts,NA-28
Thiosemicarbazide,79196,79-19-6,TRI,Hydrazinecarbothioamide,79196
"Tris(2,3-dibromopropyl) phosphate",126727,126-72-7,TRI,"1-Propanol, 2,3-dibromo-, 1,1',1''-phosphate",126727
Trypan blue,72571,72-57-1,TRI,"2,7-Naphthalenedisulfonic acid, 3,3'-[(3,3'-dimethyl[1,1'-biphenyl]-4,4'-diyl)bis(2,1-diazenediyl)]bis[5-amino-4-hydroxy-, sodium salt (1:4)",72571
Warfarin and salts,N874,,TRI,Warfarin & salts,NA-17
beta-Naphthylamine,91598,91-59-8,TRI,2-Naphthalenamine,91598
o-Toluidine hydrochloride,636215,636-21-5,TRI,"Benzenamine, 2-methyl-, hydrochloride (1:1)",636215
"trans-1,4-Dichloro-2-butene",110576,110-57-6,TRI,"2-Butene, 1,4-dichloro-, (2E)-",110576
4-Dimethylaminoazobenzene,60117,60-11-7,TRI,"Benzenamine, N,N-dimethyl-4-(2-phenyldiazenyl)-",60117
"Benzo[g,h,i]perylene",191242,191-24-2,TRI,Benzo[ghi]perylene,191242
Dimethipin,55290647,55290-64-7,TRI,"1,4-Dithiin, 2,3-dihydro-5,6-dimethyl-, 1,1,4,4-tetraoxide",55290647
Dioxin and dioxin-like compounds,N150,,TRI,Dioxin & dioxin-like compounds,NA-23
Isodrin,465736,465-73-6,TRI,"1,4:5,8-Dimethanonaphthalene, 1,2,3,4,10,10-hexachloro-1,4,4a,5,8,8a-hexahydro-, (1R,4S,4aS,5R,8S,8aR)-rel-",465736
Nitrofen,1836755,1836-75-5,TRI,"Benzene, 2,4-dichloro-1-(4-nitrophenoxy)-",1836755
Octachlorostyrene,29082744,29082-74-4,TRI,"Benzene, pentachloro(trichloroethenyl)-",29082744
Pentachlorobenzene,608935,608-93-5,TRI,"Benzene, 1,2,3,4,5-pentachloro-",608935
Phenothrin,26002802,26002-80-2,TRI,"Cyclopropanecarboxylic acid, 2,2-dimethyl-3-(2-methyl-1-propenyl)-, (3-phenoxyphenyl)methyl ester",26002802
Sodium o-phenylphenoxide,132274,132-27-4,TRI,"[1,1'-Biphenyl]-2-ol, sodium salt (1:1)",132274
Tetrabromobisphenol A,79947,79-94-7,TRI,"Phenol, 4,4'-(1-methylethylidene)bis[2,6-dibromo-",79947
Vanadium compounds,N770,,TRI,Vanadium & compounds,NA-16
"1,2-Dichloro-1,1,2-trifluoroethane (HCFC-123a)",354234,354-23-4,TRI,"Ethane, 1,2-dichloro-1,1,2-trifluoro-",354234
"1-Chloro-1,1,2,2-tetrafluoroethane (HCFC-124a)",354256,354-25-6,TRI,"Ethane, 1-chloro-1,1,2,2-tetrafluoro-",354256
Dipropyl isocinchomeronate,136458,136-45-8,TRI,"2,5-Pyridinedicarboxylic acid, dipropyl ester",136458
Ferbam,14484641,14484-64-1,TRI,"Iron, tris(N,N-dimethylcarbamodithioato-.kappa.S,.kappa.S')-, (OC-6-11)-",14484641
Pentobarbital sodium,57330,57-33-0,TRI,"2,4,6(1H,3H,5H)-Pyrimidinetrione, 5-ethyl-5-(1-methylbutyl)-, monosodium salt",57330
d-trans-Allethrin,28434006,28434-00-6,TRI,"Cyclopropanecarboxylic acid, 2,2-dimethyl-3-(2-methyl-1-propenyl)-, (1S)-2-methyl-4-oxo-3-(2-propenyl)-2-cyclopenten-1-yl ester, (1R,3R)-",28434006
Chlorotetrafluoroethane,63938103,63938-10-3,TRI,"Ethane, chlorotetrafluoro-",63938103
Fluorouracil,51218,51-21-8,TRI,"2,4(1H,3H)-Pyrimidinedione, 5-fluoro-",51218
Amitraz,33089611,33089-61-1,TRI,"Methanimidamide, N'-(2,4-dimethylphenyl)-N-[[(2,4-dimethylphenyl)imino]methyl]-N-methyl-",33089611
Dibromotetrafluoroethane,124732,124-73-2,TRI,"Ethane, 1,2-dibromo-1,1,2,2-tetrafluoro-",124732
"2,4-D sodium salt",2702729,2702-72-9,TRI,"Acetic acid, 2-(2,4-dichlorophenoxy)-, sodium salt (1:1)",2702729
Methiocarb,2032657,2032-65-7,TRI,"Phenol, 3,5-dimethyl-4-(methylthio)-, methylcarbamate",2032657
Octachloronaphthalene,2234131,2234-13-1,TRI,"Naphthalene, 1,2,3,4,5,6,7,8-octachloro-",2234131
"2,3-dichloro-1,1,1,2,3-pentafluoropropane (HCFC-225ba)",422480,422-48-0,TRI,"Propane, 2,3-dichloro-1,1,1,2,3-pentafluoro-",422480
"3-Chloro-1,1,1-trifluoropropane (HCFC-253fb)",460355,460-35-5,TRI,"Propane, 3-chloro-1,1,1-trifluoro-",460355
Methazole,20354261,20354-26-1,TRI,"1,2,4-Oxadiazolidine-3,5-dione, 2-(3,4-dichlorophenyl)-4-methyl-",20354261
Fenpropathrin,39515418,39515-41-8,TRI,"Cyclopropanecarboxylic acid, 2,2,3,3-tetramethyl-, cyano(3-phenoxyphenyl)methyl ester",39515418
Osmium tetroxide,20816120,20816-12-0,TRI,"Osmium oxide (OsO4), (T-4)-",20816120
"2,2-Bis(bromomethyl)-1,3-propanediol",3296900,3296-90-0,TRI,"1,3-Propanediol, 2,2-bis(bromomethyl)-",3296900
"2,4-D 2-ethyl-4-methylpentyl ester",53404378,53404-37-8,TRI,"Acetic acid, (2,4-dichlorophenoxy)-, 2-ethyl-4-methylpentyl ester",53404378
"2,4-D chlorocrotyl ester",2971382,2971-38-2,TRI,"Acetic acid, (2,4-dichlorophenoxy)-, 4-chloro-2-butenyl ester",2971382
"2,4-D isopropyl ester",94111,94-11-1,TRI,"Acetic acid, (2,4-dichlorophenoxy)-, 1-methylethyl ester",94111
"2,4-D propylene glycol butyl ether ester",1320189,1320-18-9,TRI,"Acetic acid, (2,4-dichlorophenoxy)-, 2-butoxymethylethyl ester",1320189
2-Aminoanthraquinone,117793,117-79-3,TRI,"9,10-Anthracenedione, 2-amino-",117793
Furan,110009,110-00-9,TRI,Furan,110009
Glycidol,556525,556-52-5,TRI,2-Oxiranemethanol,556525
Imazalil,35554440,35554-44-0,TRI,"1H-Imidazole, 1-[2-(2,4-dichlorophenyl)-2-(2-propenyloxy)ethyl]-",35554440
Isoprene,78795,78-79-5,TRI,"1,3-Butadiene, 2-methyl-",78795
Nitromethane,75525,75-52-5,TRI,"Methane, nitro-",75525
Phenolphthalein,77098,77-09-8,TRI,"1(3H)-Isobenzofuranone, 3,3-bis(4-hydroxyphenyl)-",77098
Temephos,3383968,3383-96-8,TRI,"Phosphorothioic acid, Op,Op'-(thiodi-4,1-phenylene) Op,Op,Op',Op'-tetramethyl ester",3383968
Tetrafluoroethylene,116143,116-14-3,TRI,"Ethene, 1,1,2,2-tetrafluoro-",116143
Hydrogen sulfide,7783064,7783-06-4,TRI,Hydrogen sulfide (H2S),7783064
Metiram,9006422,9006-42-2,TRI,Metiram,9006422
Nonylphenol,N530,,TRI,Nonylphenol,NA-25
1-Bromopropane,106945,106-94-5,TRI,"Propane, 1-bromo-",106945
Benzamide,55210,55-21-0,TRI,Benzamide,55210
Cyhalothrin,68085858,68085-85-8,TRI,"Cyclopropanecarboxylic acid, 3-(2-chloro-3,3,3-trifluoro-1-propenyl)-2,2-dimethyl-, cyano(3-phenoxyphenyl)methyl ester",68085858
Dichlorophene,97234,97-23-4,TRI,"Phenol, 2,2'-methylenebis[4-chloro-",97234
Mustard gas,505602,505-60-2,TRI,"Ethane, 1,1'-thiobis[2-chloro-",505602
Sulfuryl fluoride,2699798,2699-79-8,TRI,Sulfuryl fluoride,2699798
Hexabromocyclododecane,N270,25637-99-4,TRI,Hexabromocyclododecane (HBCD),25637994
Fenoxycarb,72490018,72490-01-8,TRI,"Carbamic acid, [2-(4-phenoxyphenoxy)ethyl]-, ethyl ester",72490018
Nonylphenol Ethoxylates,N535,9016-45-9,TRI,"Poly(oxy-1,2-ethanediyl), .alpha.-(nonylphenyl)-.omega.-hydroxy-",9016459
2-Chloroacetophenone,532274,532-27-4,TRI,"Ethanone, 2-chloro-1-phenyl-",532274
Methyl ethyl ketone,59,78-93-3,NPI,2-Butanone,78933
Ethanol,37,64-17-5,NPI,Ethanol,64175
Chromium (III) compounds,26,,NPI,Chromium & compounds,NA-08
Benzene,12,71-43-2,NPI,Benzene,71432
Copper & compounds,29,,NPI,Copper & compounds,NA-10
Arsenic & compounds,11,,NPI,Arsenic & compounds,NA-02
Manganese & compounds,54,,NPI,Manganese & compounds,NA-13
Lead & compounds,52,,NPI,Lead & compounds,NA-12
Cadmium & compounds,18,,NPI,Cadmium & compounds,NA-06
Cyclohexane,32,110-82-7,NPI,Cyclohexane,110827
Toluene (methylbenzene),81,108-88-3,NPI,"Benzene, methyl-",108883
Selenium & compounds,75,,NPI,Selenium & compounds,NA-29
Sulfuric acid,78,7664-93-9,NPI,Sulfuric acid,7664939
Xylenes (individual or mixed isomers),89,1330-20-7,NPI,"Benzene, dimethyl-",1330207
Zinc and compounds,90,,NPI,Zinc & compounds,NA-18
Ammonia (total),8,7664-41-7,NPI,Ammonia,7664417
"Ethylene glycol (1,2-ethanediol)",43,107-21-1,NPI,"1,2-Ethanediol",107211
Phenol,71,108-95-2,NPI,Phenol,108952
Methanol,56,67-56-1,NPI,Methanol,67561
n-Hexane,49,110-54-3,NPI,Hexane,110543
Ethylbenzene,42,100-41-4,NPI,"Benzene, ethyl-",100414
Fluoride compounds,46,,NPI,Fluoride,NA-33
Hydrochloric acid,50,7647-01-0,NPI,Hydrochloric acid,7647010
Mercury & compounds,55,,NPI,Mercury & compounds,NA-14
Sulfur dioxide,77,7446-09-5,NPI,Sulfur dioxide,7446095
Boron & compounds,16,,NPI,Boron & compounds,NA-05
Methyl isobutyl ketone,60,108-10-1,NPI,"2-Pentanone, 4-methyl-",108101
Nickel & compounds,64,,NPI,Nickel & compounds,NA-15
Chromium (VI) compounds,27,,NPI,Chromium & compounds,NA-08
Chlorine & compounds,21,7782-50-5,NPI,Chlorine,7782505
Antimony & compounds,10,,NPI,Antimony & compounds,NA-01
Cumene (1-methylethylbenzene),30,98-82-8,NPI,"Benzene, (1-methylethyl)-",98828
Phosphoric acid,72,7664-38-2,NPI,Phosphoric acid,7664382
Cobalt & compounds,28,,NPI,Cobalt & compounds,NA-09
Nitric acid,67,7697-37-2,NPI,Nitric acid,7697372
Di-(2-Ethylhexyl) phthalate (DEHP),45,117-81-7,NPI,"1,2-Benzenedicarboxylic acid, 1,2-bis(2-ethylhexyl) ester",117817
"Chlorophenols (di, tri, tetra)",25,,NPI,Chlorophenols,NA-30
Acrylic acid,6,79-10-7,NPI,2-Propenoic acid,79107
Vinyl Chloride Monomer,88,75-01-4,NPI,"Ethene, chloro-",75014
"1,2-Dichloroethane",35,107-06-2,NPI,"Ethane, 1,2-dichloro-",107062
Formaldehyde (methyl aldehyde),47,50-00-0,NPI,Formaldehyde,50000
Dichloromethane,36,75-09-2,NPI,"Methane, dichloro-",75092
Beryllium & compounds,14,,NPI,Beryllium & compounds,NA-04
Carbon disulfide,19,75-15-0,NPI,Carbon disulfide,75150
Styrene (ethenylbenzene),76,100-42-5,NPI,"Benzene, ethenyl-",100425
Acetone,3,67-64-1,NPI,2-Propanone,67641
Cyanide (inorganic) compounds,31,,NPI,Cyanide & compounds,NA-11
Chloroform (trichloromethane),24,67-66-3,NPI,"Methane, trichloro-",67663
Ethyl acetate,40,141-78-6,NPI,Acetic acid ethyl ester,141786
Trichloroethylene,87,79-01-6,NPI,"Ethene, 1,1,2-trichloro-",79016
"Toluene-2,4-diisocyanate",82,584-84-9,NPI,"Benzene, 2,4-diisocyanato-1-methyl-",584849
Glutaraldehyde,48,111-30-8,NPI,Pentanedial,111308
Methylenebis (phenylisocyanate),63,101-68-8,NPI,"Benzene, 1,1'-methylenebis[4-isocyanato-",101688
"1,3-Butadiene (vinyl ethylene)",17,106-99-0,NPI,"1,3-Butadiene",106990
Acetic acid (ethanoic acid),2,64-19-7,NPI,Acetic acid,64197
Hydrogen sulfide,51,7783-06-4,NPI,Hydrogen sulfide (H2S),7783064
Ethylene oxide,44,75-21-8,NPI,Oxirane,75218
Methyl methacrylate,61,80-62-6,NPI,"2-Propenoic acid, 2-methyl-, methyl ester",80626
"1,2-Dibromoethane",33,106-93-4,NPI,"Ethane, 1,2-dibromo-",106934
Benzene hexachloro- (HCB),13,118-74-1,NPI,"Benzene, 1,2,3,4,5,6-hexachloro-",118741
"1,1,2,2-Tetrachloroethane",79,79-34-5,NPI,"Ethane, 1,1,2,2-tetrachloro-",79345
Acrylonitrile (2-propenenitrile),7,107-13-1,NPI,2-Propenenitrile,107131
Polychlorinated Biphenyls ,93,1336-36-3,NPI,Polychlorinated biphenyls (PCBs),1336363
Acrylamide,5,79-06-1,NPI,2-Propenamide,79061
Dibutyl phthalate,34,84-74-2,NPI,"1,2-Benzenedicarboxylic acid, 1,2-dibutyl ester",84742
Carbon monoxide,20,630-08-0,NPI,Carbon monoxide,630080
Acetonitrile,4,75-05-8,NPI,Acetonitrile,75058
Tetrachloroethylene,80,127-18-4,NPI,"Ethene, 1,1,2,2-tetrachloro-",127184
Magnesium oxide fume,53,1309-48-4,NPI,Magnesium oxide (MgO),1309484
"Biphenyl (1,1-biphenyl)",15,92-52-4,NPI,"1,1'-Biphenyl",92524
Chloroethane (ethyl chloride),23,75-00-3,NPI,"Ethane, chloro-",75003
Acetaldehyde,1,75-07-0,NPI,Acetaldehyde,75070
Ethylene glycol,107-21-1,107-21-1,NPRI,"1,2-Ethanediol",107211
Phenol (and its salts),108-95-2,108-95-2,NPRI,Phenol,108952
Formaldehyde,50-00-0,50-00-0,NPRI,Formaldehyde,50000
Methanol,67-56-1,67-56-1,NPRI,Methanol,67561
Methyl isobutyl ketone,108-10-1,108-10-1,NPRI,"2-Pentanone, 4-methyl-",108101
Toluene,108-88-3,108-88-3,NPRI,"Benzene, methyl-",108883
Xylene (all isomers),1330-20-7,1330-20-7,NPRI,"Benzene, dimethyl-",1330207
Methyl ethyl ketone,78-93-3,78-93-3,NPRI,2-Butanone,78933
Chromium (and its compounds),NA - 04,,NPRI,Chromium & compounds,NA-08
Nickel (and its compounds),NA - 11,,NPRI,Nickel & compounds,NA-15
Zinc (and its compounds),NA - 14,,NPRI,Zinc & compounds,NA-18
Hydrochloric acid,7647-01-0,7647-01-0,NPRI,Hydrochloric acid,7647010
Ethylbenzene,100-41-4,100-41-4,NPRI,"Benzene, ethyl-",100414
2-Butoxyethanol,111-76-2,111-76-2,NPRI,"Ethanol, 2-butoxy-",111762
Isopropyl alcohol,67-63-0,67-63-0,NPRI,2-Propanol,67630
n-Butyl alcohol,71-36-3,71-36-3,NPRI,1-Butanol,71363
i-Butyl alcohol,78-83-1,78-83-1,NPRI,"1-Propanol, 2-methyl-",78831
N-Methyl-2-pyrrolidone,872-50-4,872-50-4,NPRI,"2-Pyrrolidinone, 1-methyl-",872504
"1,2,4-Trimethylbenzene",95-63-6,95-63-6,NPRI,"Benzene, 1,2,4-trimethyl-",95636
Formic acid,64-18-6,64-18-6,NPRI,Formic acid,64186
Nonylphenol and its ethoxylates,NA - 20,,NPRI,Nonylphenol & ethoxylates,NA-26
Manganese (and its compounds),NA - 09,,NPRI,Manganese & compounds,NA-13
Copper (and its compounds),NA - 06,,NPRI,Copper & compounds,NA-10
Hexavalent chromium (and its compounds),NA - 19,,NPRI,Chromium & compounds,NA-08
Sodium nitrite,7632-00-0,7632-00-0,NPRI,"Nitrous acid, sodium salt (1:1)",7632000
Naphthalene,91-20-3,91-20-3,NPRI,Naphthalene,91203
Cobalt (and its compounds),NA - 05,,NPRI,Cobalt & compounds,NA-09
Ammonia (total),NA - 16,7664-41-7,NPRI,Ammonia,7664417
Sulphuric acid,7664-93-9,7664-93-9,NPRI,Sulfuric acid,7664939
n-Hexane,110-54-3,110-54-3,NPRI,Hexane,110543
Cyclohexane,110-82-7,110-82-7,NPRI,Cyclohexane,110827
Benzene,71-43-2,71-43-2,NPRI,Benzene,71432
Acetonitrile,75-05-8,75-05-8,NPRI,Acetonitrile,75058
Vinyl acetate,108-05-4,108-05-4,NPRI,Acetic acid ethenyl ester,108054
Lead (and its compounds),NA - 08,,NPRI,Lead & compounds,NA-12
Antimony (and its compounds),NA - 01,,NPRI,Antimony & compounds,NA-01
Silver (and its compounds),NA - 13,,NPRI,Silver & compounds,NA-24
Nitrate ion in solution at pH >= 6.0,NA - 17,,NPRI,Nitrate & compounds,NA-21
Phosphorus (yellow or white only),7723-14-0,7723-14-0,NPRI,Phosphorus,7723140
Nitric acid,7697-37-2,7697-37-2,NPRI,Nitric acid,7697372
Diethanolamine (and its salts),111-42-2,111-42-2,NPRI,"Ethanol, 2,2'-iminobis-",111422
Nitroglycerin,55-63-0,55-63-0,NPRI,"1,2,3-Propanetriol, 1,2,3-trinitrate",55630
Arsenic (and its compounds),NA - 02,,NPRI,Arsenic & compounds,NA-02
Styrene,100-42-5,100-42-5,NPRI,"Benzene, ethenyl-",100425
Butyl acrylate,141-32-2,141-32-2,NPRI,"2-Propenoic acid, butyl ester",141322
Acrylic acid (and its salts),79-10-7,79-10-7,NPRI,2-Propenoic acid,79107
Methyl acrylate,96-33-3,96-33-3,NPRI,"2-Propenoic acid, methyl ester",96333
Dichloromethane,75-09-2,75-09-2,NPRI,"Methane, dichloro-",75092
Trichloroethylene,79-01-6,79-01-6,NPRI,"Ethene, 1,1,2-trichloro-",79016
Cadmium (and its compounds),NA - 03,,NPRI,Cadmium & compounds,NA-06
Dibutyl phthalate,84-74-2,84-74-2,NPRI,"1,2-Benzenedicarboxylic acid, 1,2-dibutyl ester",84742
Aluminum oxide (fibrous forms only),1344-28-1,1344-28-1,NPRI,Aluminum oxide (Al2O3),1344281
"1,2-Dichloroethane",107-06-2,107-06-2,NPRI,"Ethane, 1,2-dichloro-",107062
Selenium (and its compounds),NA - 12,,NPRI,Selenium & compounds,NA-29
Mercury (and its compounds),NA - 10,,NPRI,Mercury & compounds,NA-14
Bisphenol A,80-05-7,80-05-7,NPRI,"Phenol, 4,4'-(1-methylethylidene)bis-",80057
"Cresol (all isomers, and their salts)",1319-77-3,1319-77-3,NPRI,"Phenol, methyl-",1319773
Vanadium (and its compounds),NA - 40,,NPRI,Vanadium & compounds,NA-16
Calcium fluoride,7789-75-5,7789-75-5,NPRI,Calcium fluoride (CaF2),7789755
2-(2-Methoxyethoxy)ethanol,111-77-3,111-77-3,NPRI,"Ethanol, 2-(2-methoxyethoxy)-",111773
Triethylamine,121-44-8,121-44-8,NPRI,"Ethanamine, N,N-diethyl-",121448
Cumene,98-82-8,98-82-8,NPRI,"Benzene, (1-methylethyl)-",98828
"n,n-Dimethylformamide",68-12-2,68-12-2,NPRI,"Formamide, N,N-dimethyl-",68122
Maleic anhydride,108-31-6,108-31-6,NPRI,"2,5-Furandione",108316
Tetrachloroethylene,127-18-4,127-18-4,NPRI,"Ethene, 1,1,2,2-tetrachloro-",127184
HCFC-22,75-45-6,75-45-6,NPRI,"Methane, chlorodifluoro-",75456
Pyrene,129-00-0,129-00-0,NPRI,Pyrene,129000
Fluoranthene,206-44-0,206-44-0,NPRI,Fluoranthene,206440
Acenaphthene,83-32-9,83-32-9,NPRI,"Acenaphthylene, 1,2-dihydro-",83329
Phenanthrene,85-01-8,85-01-8,NPRI,Phenanthrene,85018
Fluorene,86-73-7,86-73-7,NPRI,9H-Fluorene,86737
Quinoline,91-22-5,91-22-5,NPRI,Quinoline,91225
Octylphenol and its ethoxylates,NA - 21,,NPRI,Octylphenol & ethoxylates,NA-27
"Chlorinated alkanes, medium-chain, CnHxCl(2n+2�x), 14 = n = 17",NA - 38,,NPRI,Medium chain (C14-17) chlorinated paraffins (MCCPs),NA-32
Anthracene,120-12-7,120-12-7,NPRI,Anthracene,120127
"Dibenzo[a,i]pyrene",189-55-9,189-55-9,NPRI,Benzo[rst]pentaphene,189559
Benzo[ghi]perylene,191-24-2,191-24-2,NPRI,Benzo[ghi]perylene,191242
Benzo[e]pyrene,192-97-2,192-97-2,NPRI,Benzo[e]pyrene,192972
"Indeno[1,2,3-cd]pyrene",193-39-5,193-39-5,NPRI,"Indeno[1,2,3-cd]pyrene",193395
"7H-Dibenzo[c,g]carbazole",194-59-2,194-59-2,NPRI,"7H-Dibenzo[c,g]carbazole",194592
Perylene,198-55-0,198-55-0,NPRI,Perylene,198550
Benzo[j]fluoranthene,205-82-3,205-82-3,NPRI,Benzo[j]fluoranthene,205823
Benzo[b]fluoranthene,205-99-2,205-99-2,NPRI,Benz[e]acephenanthrylene,205992
Benzo[k]fluoranthene,207-08-9,207-08-9,NPRI,Benzo[k]fluoranthene,207089
Acenaphthylene,208-96-8,208-96-8,NPRI,Acenaphthylene,208968
Chrysene,218-01-9,218-01-9,NPRI,Chrysene,218019
"Dibenz[a,j]acridine",224-42-0,224-42-0,NPRI,"Dibenz[a,j]acridine",224420
Benzo[a]pyrene,50-32-8,50-32-8,NPRI,Benzo[a]pyrene,50328
"Dibenz[a,h]anthracene",53-70-3,53-70-3,NPRI,"Dibenz[a,h]anthracene",53703
Benz[a]anthracene,56-55-3,56-55-3,NPRI,Benz[a]anthracene,56553
Hydrogen sulphide,7783-06-4,7783-06-4,NPRI,Hydrogen sulfide (H2S),7783064
Sodium fluoride,7681-49-4,7681-49-4,NPRI,Sodium fluoride (NaF),7681494
Hexachlorobenzene,118-74-1,118-74-1,NPRI,"Benzene, 1,2,3,4,5,6-hexachloro-",118741
Aluminum (fume or dust only),7429-90-5,7429-90-5,NPRI,Aluminum,7429905
Acrylamide,79-06-1,79-06-1,NPRI,2-Propenamide,79061
Thallium (and its compounds),NA - 37,,NPRI,Thallium & compounds,NA-19
Dicyclopentadiene,77-73-6,77-73-6,NPRI,"4,7-Methano-1H-indene, 3a,4,7,7a-tetrahydro-",77736
"1,3-Butadiene",106-99-0,106-99-0,NPRI,"1,3-Butadiene",106990
Isoprene,78-79-5,78-79-5,NPRI,"1,3-Butadiene, 2-methyl-",78795
Acrylonitrile,107-13-1,107-13-1,NPRI,2-Propenenitrile,107131
Ethyl acrylate,140-88-5,140-88-5,NPRI,"2-Propenoic acid, ethyl ester",140885
Methyl methacrylate,80-62-6,80-62-6,NPRI,"2-Propenoic acid, 2-methyl-, methyl ester",80626
N-Methylolacrylamide,924-42-5,924-42-5,NPRI,"2-Propenamide, N-(hydroxymethyl)-",924425
Carbon disulphide,75-15-0,75-15-0,NPRI,Carbon disulfide,75150
Molybdenum trioxide,1313-27-5,1313-27-5,NPRI,Molybdenum oxide (MoO3),1313275
Butyl benzyl phthalate,85-68-7,85-68-7,NPRI,"1,2-Benzenedicarboxylic acid, 1-butyl 2-(phenylmethyl) ester",85687
Diphenylamine,122-39-4,122-39-4,NPRI,"Benzenamine, N-phenyl-",122394
Aniline (and its salts),62-53-3,62-53-3,NPRI,Benzenamine,62533
2-Mercaptobenzothiazole,149-30-4,149-30-4,NPRI,2(3H)-Benzothiazolethione,149304
Cumene hydroperoxide,80-15-9,80-15-9,NPRI,"Hydroperoxide, 1-methyl-1-phenylethyl",80159
Methylenebis(phenylisocyanate),101-68-8,101-68-8,NPRI,"Benzene, 1,1'-methylenebis[4-isocyanato-",101688
Polymeric diphenylmethane diisocyanate,9016-87-9,9016-87-9,NPRI,"Isocyanic acid, polymethylenepolyphenylene ester",9016879
Phthalic anhydride,85-44-9,85-44-9,NPRI,"1,3-Isobenzofurandione",85449
Chloroform,67-66-3,67-66-3,NPRI,"Methane, trichloro-",67663
Biphenyl,92-52-4,92-52-4,NPRI,"1,1'-Biphenyl",92524
Hydrazine (and its salts),302-01-2,302-01-2,NPRI,Hydrazine,302012
Lithium carbonate,554-13-2,554-13-2,NPRI,"Carbonic acid, lithium salt (1:2)",554132
Bis(2-ethylhexyl) phthalate,117-81-7,117-81-7,NPRI,"1,2-Benzenedicarboxylic acid, 1,2-bis(2-ethylhexyl) ester",117817
Propylene,115-07-1,115-07-1,NPRI,1-Propene,115071
Methyl tert-butyl ether,1634-04-4,1634-04-4,NPRI,"Propane, 2-methoxy-2-methyl-",1634044
"PAHs, total unspeciated",NA - P/H,130498-29-2,NPRI,Polycyclic aromatic hydrocarbon (PAHs),130498292
Chlorine,7782-50-5,7782-50-5,NPRI,Chlorine,7782505
Peracetic acid (and its salts),79-21-0,79-21-0,NPRI,Ethaneperoxoic acid,79210
Cyanides (ionic),NA - 07,,NPRI,Cyanide & compounds,NA-11
2-Methoxyethanol,109-86-4,109-86-4,NPRI,"Ethanol, 2-methoxy-",109864
2-Ethoxyethanol,110-80-5,110-80-5,NPRI,"Ethanol, 2-ethoxy-",110805
p-Phenylenediamine (and its salts),106-50-3,106-50-3,NPRI,"1,4-Benzenediamine",106503
Toluenediisocyanate (mixed isomers),26471-62-5,26471-62-5,NPRI,"Benzene, 1,3-diisocyanatomethyl-",26471625
Ethylene,74-85-1,74-85-1,NPRI,Ethene,74851
Pyridine (and its salts),110-86-1,110-86-1,NPRI,Pyridine,110861
"Toluene-2,4-diisocyanate",584-84-9,584-84-9,NPRI,"Benzene, 2,4-diisocyanato-1-methyl-",584849
Ethylene oxide,75-21-8,75-21-8,NPRI,Oxirane,75218
Chloromethane,74-87-3,74-87-3,NPRI,"Methane, chloro-",74873
tert-Butyl alcohol,75-65-0,75-65-0,NPRI,"2-Propanol, 2-methyl-",75650
Nitrilotriacetic acid (and its salts),139-13-9,139-13-9,NPRI,"Glycine, N,N-bis(carboxymethyl)-",139139
"1,2,4-Trichlorobenzene",120-82-1,120-82-1,NPRI,"Benzene, 1,2,4-trichloro-",120821
Allyl alcohol,107-18-6,107-18-6,NPRI,2-Propen-1-ol,107186
o-Dichlorobenzene,95-50-1,95-50-1,NPRI,"Benzene, 1,2-dichloro-",95501
"p,p'-Methylenedianiline",101-77-9,101-77-9,NPRI,"Benzenamine, 4,4'-methylenebis-",101779
Asbestos (friable form only),1332-21-4,1332-21-4,NPRI,Asbestos,1332214
Titanium tetrachloride,7550-45-0,7550-45-0,NPRI,Titanium chloride (TiCl4) (T-4)-,7550450
Cyclohexanol,108-93-0,108-93-0,NPRI,Cyclohexanol,108930
Hydrogen fluoride,7664-39-3,7664-39-3,NPRI,Hydrofluoric acid,7664393
Benzoyl peroxide,94-36-0,94-36-0,NPRI,"Peroxide, dibenzoyl",94360
Bromine,7726-95-6,7726-95-6,NPRI,Bromine,7726956
Tetraethyl lead,78-00-2,78-00-2,NPRI,"Plumbane, tetraethyl-",78002
HCFC-123 (all isomers),34077-87-7,34077-87-7,NPRI,"Ethane, dichlorotrifluoro-",34077877
Vanadium (except when in an alloy) and its compounds,7440-62-2,,NPRI,Vanadium & compounds,NA-16
CFC-12,75-71-8,75-71-8,NPRI,"Methane, dichlorodifluoro-",75718
"Alkanes, C6-18, chloro",68920-70-7,68920-70-7,NPRI,"Alkanes, C6-18, chloro",68920707
2-Ethoxyethyl acetate,111-15-9,111-15-9,NPRI,"Ethanol, 2-ethoxy-, 1-acetate",111159
Bis(2-ethylhexyl) adipate,103-23-1,103-23-1,NPRI,"Hexanedioic acid, 1,6-bis(2-ethylhexyl) ester",103231
"Dibenzo[a,h]pyrene",189-64-0,189-64-0,NPRI,"Dibenzo[b,def]chrysene",189640
"Dibenzo[a,l]pyrene",191-30-0,191-30-0,NPRI,"Dibenzo[def,p]chrysene",191300
3-Methylcholanthrene,56-49-5,56-49-5,NPRI,"Benz[j]aceanthrylene, 1,2-dihydro-3-methyl-",56495
"7,12-Dimethylbenz[a]anthracene",57-97-6,57-97-6,NPRI,"Benz[a]anthracene, 7,12-dimethyl-",57976
Dimethylphenol (mixed isomers),1300-71-6,1300-71-6,NPRI,"Phenol, dimethyl-",1300716
Propargyl alcohol,107-19-7,107-19-7,NPRI,2-Propyn-1-ol,107197
Chloroacetic acid (and its salts),79-11-8,79-11-8,NPRI,"Acetic acid, 2-chloro-",79118
"Toluene-2,6-diisocyanate",91-08-7,91-08-7,NPRI,"Benzene, 1,3-diisocyanato-2-methyl-",91087
"2,6-Di-t-butyl-4-methylphenol",128-37-0,128-37-0,NPRI,"Phenol, 2,6-bis(1,1-dimethylethyl)-4-methyl-",128370
Tetracycline hydrochloride,64-75-5,64-75-5,NPRI,"2-Naphthacenecarboxamide, 4-(dimethylamino)-1,4,4a,5,5a,6,11,12a-octahydro-3,6,10,12,12a-pentahydroxy-6-methyl-1,11-dioxo-, hydrochloride (1:1), (4S,4aS,5aS,6S,12aS)-",64755
5-Methylchrysene,3697-24-3,3697-24-3,NPRI,"Chrysene, 5-methyl-",3697243
sec-Butyl alcohol,78-92-2,78-92-2,NPRI,2-Butanol,78922
Di-n-octyl phthalate,117-84-0,117-84-0,NPRI,"1,2-Benzenedicarboxylic acid, 1,2-dioctyl ester",117840
CFC-11,75-69-4,75-69-4,NPRI,"Methane, trichlorofluoro-",75694
Quinoline (and its salts),91-22-5,91-22-5,NPRI,Quinoline,91225
Halon 1301,75-63-8,75-63-8,NPRI,"Methane, bromotrifluoro-",75638
Diethyl phthalate,84-66-2,84-66-2,NPRI,"1,2-Benzenedicarboxylic acid, 1,2-diethyl ester",84662
Decabromodiphenyl oxide,1163-19-5,1163-19-5,NPRI,"Benzene, 1,1'-oxybis[2,3,4,5,6-pentabromo-",1163195
"3,3'-Dichlorobenzidine dihydrochloride",612-83-9,612-83-9,NPRI,"[1,1'-Biphenyl]-4,4'-diamine, 3,3'-dichloro-, hydrochloride (1:2)",612839
CFC-114,76-14-2,76-14-2,NPRI,"Ethane, 1,2-dichloro-1,1,2,2-tetrafluoro-",76142
p-Dichlorobenzene,106-46-7,106-46-7,NPRI,"Benzene, 1,4-dichloro-",106467
"1,1,1,2-Tetrachloroethane",630-20-6,630-20-6,NPRI,"Ethane, 1,1,1,2-tetrachloro-",630206
"1,1,2-Trichloroethane",79-00-5,79-00-5,NPRI,"Ethane, 1,1,2-trichloro-",79005
"1,1,2,2-Tetrachloroethane",79-34-5,79-34-5,NPRI,"Ethane, 1,1,2,2-tetrachloro-",79345
"Alkanes, C10-13, chloro",85535-84-8,85535-84-8,NPRI,"Alkanes, C10-13, chloro",85535848
Isophorone diisocyanate,4098-71-9,4098-71-9,NPRI,"Cyclohexane, 5-isocyanato-1-(isocyanatomethyl)-1,3,3-trimethyl-",4098719
Acetaldehyde,75-07-0,75-07-0,NPRI,Acetaldehyde,75070
Vinyl chloride,75-01-4,75-01-4,NPRI,"Ethene, chloro-",75014
"Dibenzo[a,e]pyrene",192-65-4,192-65-4,NPRI,"Naphtho[1,2,3,4-def]chrysene",192654
Dinitrotoluene (mixed isomers),25321-14-6,25321-14-6,NPRI,"Benzene, methyldinitro-",25321146
Hexachlorophene,70-30-4,70-30-4,NPRI,"Phenol, 2,2'-methylenebis[3,4,6-trichloro-",70304
Acetophenone,98-86-2,98-86-2,NPRI,"Ethanone, 1-phenyl-",98862
"1,1-Methylenebis(4-isocyanatocyclohexane)",5124-30-1,5124-30-1,NPRI,"Cyclohexane, 1,1'-methylenebis[4-isocyanato-",5124301
Acrolein,107-02-8,107-02-8,NPRI,2-Propenal,107028
Butyraldehyde,123-72-8,123-72-8,NPRI,Butanal,123728
"1,4-Dioxane",123-91-1,123-91-1,NPRI,"1,4-Dioxane",123911
Propionaldehyde,123-38-6,123-38-6,NPRI,Propanal,123386
Ethylene thiourea,96-45-7,96-45-7,NPRI,2-Imidazolidinethione,96457
Chlorobenzene,108-90-7,108-90-7,NPRI,"Benzene, chloro-",108907
Carbon tetrachloride,56-23-5,56-23-5,NPRI,"Methane, tetrachloro-",56235
Dimethyl phthalate,131-11-3,131-11-3,NPRI,"1,2-Benzenedicarboxylic acid, 1,2-dimethyl ester",131113
Carbonyl sulphide,463-58-1,463-58-1,NPRI,Carbon oxide sulfide (COS),463581
Benzyl chloride,100-44-7,100-44-7,NPRI,"Benzene, (chloromethyl)-",100447
"p,p'-Methylenebis(2-chloroaniline)",101-14-4,101-14-4,NPRI,"Benzenamine, 4,4'-methylenebis[2-chloro-",101144
Hydroquinone (and its salts),123-31-9,123-31-9,NPRI,"1,4-Benzenediol",123319
HCFC-124 (all isomers),63938-10-3,63938-10-3,NPRI,"Ethane, chlorotetrafluoro-",63938103
Hexachloroethane,67-72-1,67-72-1,NPRI,"Ethane, 1,1,1,2,2,2-hexachloro-",67721
Fluorine,7782-41-4,7782-41-4,NPRI,Fluorine,7782414
Epichlorohydrin,106-89-8,106-89-8,NPRI,"Oxirane, 2-(chloromethyl)-",106898
Nonylphenol polyethylene glycol ether,9016-45-9,9016-45-9,NPRI,"Poly(oxy-1,2-ethanediyl), .alpha.-(nonylphenyl)-.omega.-hydroxy-",9016459
Chloroethane,75-00-3,75-00-3,NPRI,"Ethane, chloro-",75003
Vinylidene chloride,75-35-4,75-35-4,NPRI,"Ethene, 1,1-dichloro-",75354
Dimethylamine,124-40-3,124-40-3,NPRI,"Methanamine, N-methyl-",124403
"Nonylphenol, industrial",84852-15-3,,NPRI,Nonylphenol,NA-25
"4,6-Dinitro-o-cresol (and its salts)",534-52-1,534-52-1,NPRI,"Phenol, 2-methyl-4,6-dinitro-",534521
Nonylphenoxy ethanol,27986-36-3,27986-36-3,NPRI,"Ethanol, 2-(nonylphenoxy)-",27986363
HCFC-141b,1717-00-6,1717-00-6,NPRI,"Ethane, 1,1-dichloro-1-fluoro-",1717006
Thiourea,62-56-6,62-56-6,NPRI,Thiourea,62566
"1,2-Butylene oxide",106-88-7,106-88-7,NPRI,"Oxirane, 2-ethyl-",106887
Nonylphenol,104-40-5,,NPRI,Nonylphenol,NA-25
2-(p-Nonylphenoxy)ethanol,104-35-8,104-35-8,NPRI,"Ethanol, 2-(4-nonylphenoxy)-",104358
Phosphoric acid,7664-38-2,7664-38-2,NPRI,Phosphoric acid,7664382
Pentachloroethane,76-01-7,76-01-7,NPRI,"Ethane, 1,1,1,2,2-pentachloro-",76017
Vanadium (fume or dust),7440-62-2,7440-62-2,NPRI,Vanadium,7440622
o-Phenylphenol (and salts),90-43-7,90-43-7,NPRI,"[1,1'-Biphenyl]-2-ol",90437
p-Cresol (and its salts),106-44-5,106-44-5,NPRI,"Phenol, 4-methyl-",106445
m-Cresol (and its salts),108-39-4,108-39-4,NPRI,"Phenol, 3-methyl-",108394
"Cresol (mixed isomers, and their salts)",1319-77-3,1319-77-3,NPRI,"Phenol, methyl-",1319773
Xylene (mixed isomers),1330-20-7,1330-20-7,NPRI,"Benzene, dimethyl-",1330207
Nonylphenol nona(oxyethylene) ethanol,27177-08-8,27177-08-8,NPRI,"3,6,9,12,15,18,21,24,27-Nonaoxanonacosan-1-ol, 29-(nonylphenoxy)-",27177088
p-Xylene,106-42-3,106-42-3,NPRI,"Benzene, 1,4-dimethyl-",106423
m-Xylene,108-38-3,108-38-3,NPRI,"Benzene, 1,3-dimethyl-",108383
o-Xylene,95-47-6,95-47-6,NPRI,"Benzene, 1,2-dimethyl-",95476
"1,2-Dichloropropane",78-87-5,78-87-5,NPRI,"Propane, 1,2-dichloro-",78875
Nitrate ion in solution at pH >= 6.5,NA - 17,,NPRI,Nitrate & compounds,NA-21
Ammonium sulfate (solution),7783-20-2,7783-20-2,NPRI,Sulfuric acid ammonium salt (1:2),7783202
Ammonium nitrate (solution),6484-52-2,6484-52-2,NPRI,Nitric acid ammonium salt (1:1),6484522
Propylene oxide,75-56-9,75-56-9,NPRI,"Oxirane, 2-methyl-",75569
Calcium cyanamide,156-62-7,156-62-7,NPRI,"Cyanamide, calcium salt (1:1)",156627
Zinc (fume or dust),7440-66-6,7440-66-6,NPRI,Zinc,7440666
1-Nitropyrene,5522-43-0,5522-43-0,NPRI,"Pyrene, 1-nitro-",5522430
"Chlorinated alkanes, long-chain, CnHxCl(2n+2�x), 18 = n = 20",NA - 39,,NPRI,Long Chain (C18-28) Chlorinated Paraffins (LCCPs),NA-31
C.I. Basic Green 4,569-64-2,569-64-2,NPRI,"Methanaminium, N-[4-[[4-(dimethylamino)phenyl]phenylmethylene]-2,5-cyclohexadien-1-ylidene]-N-methyl-, chloride (1:1)",569642
"Dibenzo[a,e]fluoranthene",5385-75-1,5385-75-1,NPRI,"Dibenz[a,e]aceanthrylene",5385751
Phosgene,75-44-5,75-44-5,NPRI,Carbonic dichloride,75445
"Dibenz[a,h]acridine",226-36-8,226-36-8,NPRI,"Dibenz[a,h]acridine",226368
"2,4-Dichlorophenol (and its salts)",120-83-2,120-83-2,NPRI,"Phenol, 2,4-dichloro-",120832
Paraldehyde,123-63-7,123-63-7,NPRI,"1,3,5-Trioxane, 2,4,6-trimethyl-",123637
HCFC-142b,75-68-3,75-68-3,NPRI,"Ethane, 1-chloro-1,1-difluoro-",75683
Catechol,120-80-9,120-80-9,NPRI,"1,2-Benzenediol",120809
Ethyl chloroformate,541-41-3,541-41-3,NPRI,"Carbonochloridic acid, ethyl ester",541413
Asbestos,1332-21-4,1332-21-4,NPRI,Asbestos,1332214
