prtr_system,national_transfer_class_id,national_transfer_class_name,transfer_class_wm_hierarchy_name,generic_transfer_class_id,national_generic_transfer_class_id,generic_transfer_class_name,generic_system_comment,prtr_system_comment
NPI,28,Off-site tailings storage,Disposal,M1,1,Surface impoundment,,
NPI,16,Off-site destruction,Treatment,M2,2,Destruction,,
NPI,17,Off-site energy recovery,Energy recovery,M3,3,Energy recovery,,
NPI,19,Off-site landfill,Disposal,M4,4,Landfill,,
NPI,29,Off-site treatment (leading to mandatory destination),Treatment,M6,5,Other treatment,,
NPI,22,Off-site purification,Treatment,M6,6,Other treatment,,
NPI,21,Off-site partial purification,Treatment,M6,7,Other treatment,,
NPI,18,Off-site immobilisation,Treatment,M6,8,Other treatment,,
NPI,24,Off-site remediation,Treatment,M6,9,Other treatment,,
NPI,23,Off-site recycling,Recycling,M7,10,Recycling,,
NPI,25,Off-site reprocessing,Recycling,M7,11,Recycling,,
NPI,26,Off-site reuse,Recycling,M7,12,Recycling,,
NPI,27,Off-site sewerage,Sewerage,M10,13,Sewerage,,
NPI,20,Off-site long term waste storage,Disposal,M8,14,Storage,,
NPI,30,Off-site underground injection,Disposal,M9,15,Underground injection,,
NPRI,27,Tailings Management,Disposal,M1,16,Surface impoundment,,
NPRI,25,Incineration / Thermal,Treatment,M2,18,Destruction,,
NPRI,31,Energy Recovery,Energy recovery,M3,19,Energy recovery,,
NPRI,18,Landfill,Disposal,M4,20,Landfill,,
NPRI,30,Waste Rock management,Disposal,M5,17,Other disposal,,
NPRI,19,Land Treatment,Disposal,M5,21,Other disposal,,
NPRI,23,Chemical Treatment,Treatment,M6,22,Other treatment,,
NPRI,22,Physical Treatment,Treatment,M6,23,Other treatment,,
NPRI,24,Biological Treatment,Treatment,M6,24,Other treatment,,
NPRI,40,Other,Recycling,M7,25,Recycling,,
NPRI,32,Recovery of Solvents,Recycling,M7,26,Recycling,,
NPRI,34,Recovery of Metals and Metal Compounds,Recycling,M7,27,Recycling,,
NPRI,38,Recovery of Pollution Abatement Residues,Recycling,M7,28,Recycling,,
NPRI,36,Recovery of Acids and Bases,Recycling,M7,29,Recycling,,
NPRI,33,Recovery of Organic Substances (not solvents),Recycling,M7,30,Recycling,,
NPRI,35,Recovery of Inorganic Materials (not metals),Recycling,M7,31,Recycling,,
NPRI,37,Recovery of Catalysts,Recycling,M7,32,Recycling,,
NPRI,39,Refining or Re-use of Used Oil,Recycling,M7,33,Recycling,,
NPRI,26,Municipal Sewage Treatment Plant,Sewerage,M10,34,Sewerage,,
NPRI,21,Storage,Disposal,M8,35,Storage,,
NPRI,20,Underground Injection,Disposal,M9,36,Underground injection,,
TRI,M63,Off-site - surface impoundment,Disposal,M1,37,Surface impoundment,,
TRI,M66,Off-site - RCRA subtitle c surface impoundment,Disposal,M1,38,Surface impoundment,,
TRI,M67,Off-site - other surface impoundment,Disposal,M1,39,Surface impoundment,,
TRI,M50,Off-site - incineration/thermal treatment,Treatment,M2,40,Destruction,,
TRI,M54,Off-site - incineration/insignificant fuel value,Treatment,M2,41,Destruction,,
TRI,M56,Off-site - energy recovery,Energy recovery,M3,42,Energy recovery,,
TRI,M92,Off-site - transfer to waste broker for energy recovery,Energy recovery,M3,43,Energy recovery,Including 'Off-site - transfer to waste broker for energy recovery' under TRI,
TRI,M64,Off-site - other landfills,Disposal,M4,44,Landfill,,
TRI,M65,Off-site - RCRA subtitle c landfills,Disposal,M4,45,Landfill,,
TRI,M73,Off-site - land treatment,Disposal,M5,46,Other disposal,,
TRI,M79,Off-site - other land disposal,Disposal,M5,47,Other disposal,,
TRI,M90,Off-site - other off-site management,Disposal,M5,48,Other disposal,,
TRI,M94,Off-site - transfer to waste broker for disposal,Disposal,M5,49,Other disposal,Including 'Off-site - transfer to waste broker for disposal' under TRI,
TRI,M99,Off-site - disposal - unknown,Disposal,M5,50,Other disposal,,
TRI,M41,Off-site - solidification/stabilization (metals),Treatment,M6,51,Other treatment,,Disposal under TRI
TRI,M62,Off-site - wastewater treatment (metals),Treatment,M6,52,Other treatment,,Disposal under TRI
TRI,M40,Off-site - solidification/stabilization - metals and metal compounds only,Treatment,M6,53,Other treatment,,Disposal under TRI
TRI,M61,Off-site - wastewater treatment (excluding POTWs) - metals and metal compounds only,Treatment,M6,54,Other treatment,,Disposal under TRI
TRI,M40,Off-site - solidification/stabilization - treatment - non-metals,Treatment,M6,55,Other treatment,,
TRI,M61,Off-site - wastewater treatment (excluding POTWs) - non-metals,Treatment,M6,56,Other treatment,,
TRI,M69,Off-site - other waste treatment,Treatment,M6,57,Other treatment,,
TRI,M95,Off-site - transfer to waste broker for waste treatment,Treatment,M6,58,Other treatment,Including 'Off-site - transfer to waste broker for waste treatment' under TRI,
TRI,M20,Off-site - solvents/organics recovery,Recycling,M7,59,Recycling,,
TRI,M24,Off-site - metals recovery,Recycling,M7,60,Recycling,,
TRI,M26,Off-site - other reuse or recovery,Recycling,M7,61,Recycling,,
TRI,M28,Off-site - acid regeneration,Recycling,M7,62,Recycling,,
TRI,M93,Off-site - transfer to waste broker for recycling,Recycling,M7,63,Recycling,Including 'Off-site - transfer to waste broker for recycling' under TRI,
TRI,M1000,Off-site - total POTW transfer,Sewerage,M10,64,Sewerage,,It does not have any code under TRI
TRI,M10,Off-site - storage only,Disposal,M8,65,Storage,,
TRI,M71,Off-site - underground injection,Disposal,M9,66,Underground injection,,
TRI,M81,Off-site - underground injection class i wells,Disposal,M9,67,Underground injection,,
TRI,M82,Off-site - underground injection class ii-v wells,Disposal,M9,68,Underground injection,,
TRI,M72,Off-site - landfills/disposal surface impoundment,Disposal,,,Landfill/Containment,,Effective until TRI RY 2001
